analysis_type,parameter,n_replicate_groups,n_RSD_defined,percent_RSD_defined,n_Dixon_applicable,percent_Dixon_applicable,n_3xSD_applicable,percent_3xSD_applicable,n_RSD_gt_10,percent_RSD_gt_10,n_RSD_gt_20,percent_RSD_gt_20,n_Dixon_flagged,percent_Dixon_flagged,n_3xSD_flagged,percent_3xSD_flagged,pooled_SD
compositional,arabinan,7.0,7.0,100.0,7.0,100.0,7.0,100.0,2.0,28.57142857142857,1.0,14.285714285714285,2.0,28.57142857142857,0.0,0.0,0.28103550021474594
compositional,arabinose,7.0,7.0,100.0,7.0,100.0,7.0,100.0,2.0,28.57142857142857,1.0,14.285714285714285,3.0,42.857142857142854,0.0,0.0,0.31917303860355833
compositional,glucan,68.0,68.0,100.0,66.0,97.05882352941177,68.0,100.0,8.0,11.76470588235294,5.0,7.352941176470589,4.0,6.0606060606060606,3.0,4.411764705882353,1.8596504379167018
compositional,glucose,66.0,66.0,100.0,66.0,100.0,66.0,100.0,8.0,12.121212121212121,5.0,7.575757575757576,4.0,6.0606060606060606,3.0,4.545454545454546,2.081161898672193
compositional,lignin,66.0,64.0,96.96969696969697,60.0,90.9090909090909,64.0,96.96969696969697,0.0,0.0,0.0,0.0,6.0,10.0,1.0,1.5625,0.4569550635538759
compositional,lignin+,4.0,4.0,100.0,4.0,100.0,4.0,100.0,0.0,0.0,0.0,0.0,0.0,0.0,0.0,0.0,0.5691001669302171
compositional,xylan,68.0,68.0,100.0,66.0,97.05882352941177,68.0,100.0,9.0,13.23529411764706,5.0,7.352941176470589,7.0,10.606060606060606,3.0,4.411764705882353,0.8759750075945936
compositional,xylose,66.0,66.0,100.0,65.0,98.48484848484848,66.0,100.0,10.0,15.151515151515152,6.0,9.090909090909092,7.0,10.76923076923077,2.0,3.0303030303030303,1.6912339721294771
icp,al,24.0,24.0,100.0,0.0,0.0,24.0,100.0,13.0,54.166666666666664,7.0,29.166666666666668,0.0,,1.0,4.166666666666666,66.85628026159297
icp,b,13.0,3.0,23.076923076923077,0.0,0.0,3.0,23.076923076923077,0.0,0.0,0.0,0.0,0.0,,0.0,0.0,0.7234178138070232
icp,ca,50.0,30.0,60.0,0.0,0.0,30.0,60.0,1.0,3.3333333333333335,1.0,3.3333333333333335,0.0,,1.0,3.3333333333333335,1640.0833566281776
icp,cu,37.0,27.0,72.97297297297297,0.0,0.0,27.0,72.97297297297297,8.0,29.629629629629626,6.0,22.22222222222222,0.0,,0.0,0.0,2.8309179246838463
icp,fe,37.0,27.0,72.97297297297297,0.0,0.0,27.0,72.97297297297297,11.0,40.74074074074074,6.0,22.22222222222222,0.0,,1.0,3.7037037037037033,331.09715593261546
icp,k,50.0,27.0,54.0,0.0,0.0,27.0,54.0,3.0,11.11111111111111,1.0,3.7037037037037033,0.0,,1.0,3.7037037037037033,2444.459252662975
icp,mg,50.0,30.0,60.0,0.0,0.0,30.0,60.0,1.0,3.3333333333333335,1.0,3.3333333333333335,0.0,,1.0,3.3333333333333335,159.61517605415847
icp,mn,37.0,27.0,72.97297297297297,0.0,0.0,27.0,72.97297297297297,4.0,14.814814814814813,2.0,7.4074074074074066,0.0,,1.0,3.7037037037037033,10.056378112458816
icp,na,24.0,21.0,87.5,0.0,0.0,21.0,87.5,9.0,42.857142857142854,7.0,33.33333333333333,0.0,,0.0,0.0,69.51514737296984
icp,nd,24.0,24.0,100.0,0.0,0.0,24.0,100.0,6.0,25.0,5.0,20.833333333333336,0.0,,1.0,4.166666666666666,3.9604145405921
icp,p,50.0,30.0,60.0,0.0,0.0,30.0,60.0,12.0,40.0,8.0,26.666666666666668,0.0,,0.0,0.0,207.27830888521996
icp,s,37.0,27.0,72.97297297297297,0.0,0.0,27.0,72.97297297297297,6.0,22.22222222222222,4.0,14.814814814814813,0.0,,1.0,3.7037037037037033,148.34250907949482
icp,si,24.0,24.0,100.0,0.0,0.0,24.0,100.0,8.0,33.33333333333333,5.0,20.833333333333336,0.0,,0.0,0.0,2.108366271152461
icp,ti,24.0,14.0,58.333333333333336,0.0,0.0,24.0,100.0,6.0,42.857142857142854,6.0,42.857142857142854,0.0,,0.0,0.0,1.8896814105381188
icp,zn,37.0,26.0,70.27027027027027,0.0,0.0,27.0,72.97297297297297,8.0,30.76923076923077,3.0,11.538461538461538,0.0,,0.0,0.0,3.605543571286366
proximate,ash,115.0,115.0,100.0,115.0,100.0,115.0,100.0,26.0,22.608695652173914,5.0,4.3478260869565215,15.0,13.043478260869565,4.0,3.4782608695652173,1.1501599132672622
proximate,moisture,115.0,94.0,81.73913043478261,94.0,81.73913043478261,94.0,81.73913043478261,1.0,1.0638297872340425,1.0,1.0638297872340425,8.0,8.51063829787234,3.0,3.1914893617021276,0.8572297870474512
proximate,total solids,115.0,115.0,100.0,115.0,100.0,115.0,100.0,1.0,0.8695652173913043,0.0,0.0,9.0,7.82608695652174,5.0,4.3478260869565215,1.0814785906475384
proximate,volatile solids,115.0,115.0,100.0,115.0,100.0,115.0,100.0,8.0,6.956521739130435,4.0,3.4782608695652173,9.0,7.82608695652174,3.0,2.608695652173913,1.218575790224695
ultimate,adf-r,13.0,4.0,30.76923076923077,0.0,0.0,4.0,30.76923076923077,0.0,0.0,0.0,0.0,0.0,,0.0,0.0,0.2850438562747826
ultimate,carbon,1.0,1.0,100.0,0.0,0.0,1.0,100.0,0.0,0.0,0.0,0.0,0.0,,0.0,0.0,0.0
ultimate,cf,13.0,4.0,30.76923076923077,0.0,0.0,4.0,30.76923076923077,0.0,0.0,0.0,0.0,0.0,,0.0,0.0,0.16221128197508358
ultimate,dm,13.0,1.0,7.6923076923076925,0.0,0.0,1.0,7.6923076923076925,0.0,0.0,0.0,0.0,0.0,,0.0,0.0,0.0
ultimate,nitrogen,14.0,5.0,35.714285714285715,0.0,0.0,5.0,35.714285714285715,0.0,0.0,0.0,0.0,0.0,,0.0,0.0,0.051060188573318614
ultimate,oxygen,1.0,1.0,100.0,0.0,0.0,1.0,100.0,0.0,0.0,0.0,0.0,0.0,,0.0,0.0,0.0
ultimate,sulfur,2.0,1.0,50.0,0.0,0.0,1.0,50.0,0.0,0.0,0.0,0.0,0.0,,0.0,0.0,0.0
xrd,crystallinity,10.0,9.0,90.0,8.0,80.0,9.0,90.0,0.0,0.0,0.0,0.0,0.0,0.0,0.0,0.0,1.2169988802418035
xrf,ag,10.0,0.0,0.0,0.0,0.0,0.0,0.0,0.0,,0.0,,0.0,,0.0,,
xrf,al,36.0,21.0,58.333333333333336,17.0,47.22222222222222,21.0,58.333333333333336,10.0,47.61904761904761,2.0,9.523809523809524,0.0,0.0,0.0,0.0,283.8266319737171
xrf,as,11.0,1.0,9.090909090909092,1.0,9.090909090909092,1.0,9.090909090909092,0.0,0.0,0.0,0.0,1.0,100.0,0.0,0.0,0.5773502691896258
xrf,ba,55.0,37.0,67.27272727272727,26.0,47.27272727272727,37.0,67.27272727272727,29.0,78.37837837837837,10.0,27.027027027027028,4.0,15.384615384615385,1.0,2.7027027027027026,209.7415580280197
xrf,bi,10.0,0.0,0.0,0.0,0.0,0.0,0.0,0.0,,0.0,,0.0,,0.0,,
xrf,ca,55.0,45.0,81.81818181818183,45.0,81.81818181818183,45.0,81.81818181818183,3.0,6.666666666666667,1.0,2.2222222222222223,8.0,17.77777777777778,3.0,6.666666666666667,578.0406496022513
xrf,cd,10.0,0.0,0.0,0.0,0.0,0.0,0.0,0.0,,0.0,,0.0,,0.0,,
xrf,ce,45.0,23.0,51.11111111111111,9.0,20.0,23.0,51.11111111111111,15.0,65.21739130434783,9.0,39.130434782608695,2.0,22.22222222222222,1.0,4.3478260869565215,562.3216708062508
xrf,co,26.0,1.0,3.8461538461538463,0.0,0.0,1.0,3.8461538461538463,0.0,0.0,0.0,0.0,0.0,,0.0,0.0,0.0
xrf,cr,10.0,0.0,0.0,0.0,0.0,0.0,0.0,0.0,,0.0,,0.0,,0.0,,
xrf,cu,55.0,45.0,81.81818181818183,44.0,80.0,45.0,81.81818181818183,24.0,53.333333333333336,7.0,15.555555555555555,19.0,43.18181818181818,0.0,0.0,2.336505779847176
xrf,fe,55.0,45.0,81.81818181818183,44.0,80.0,45.0,81.81818181818183,4.0,8.88888888888889,0.0,0.0,4.0,9.090909090909092,1.0,2.2222222222222223,40.09389728189237
xrf,hg,10.0,0.0,0.0,0.0,0.0,0.0,0.0,0.0,,0.0,,0.0,,0.0,,
xrf,k,55.0,45.0,81.81818181818183,45.0,81.81818181818183,45.0,81.81818181818183,3.0,6.666666666666667,1.0,2.2222222222222223,15.0,33.33333333333333,1.0,2.2222222222222223,1037.1528120559458
xrf,la,48.0,18.0,37.5,3.0,6.25,18.0,37.5,7.0,38.88888888888889,3.0,16.666666666666664,2.0,66.66666666666666,1.0,5.555555555555555,526.8835975780851
xrf,mg,37.0,17.0,45.94594594594595,14.0,37.83783783783784,17.0,45.94594594594595,15.0,88.23529411764706,5.0,29.411764705882355,1.0,7.142857142857142,0.0,0.0,1536.2520724501976
xrf,mn,55.0,45.0,81.81818181818183,45.0,81.81818181818183,45.0,81.81818181818183,30.0,66.66666666666666,11.0,24.444444444444443,3.0,6.666666666666667,0.0,0.0,10.074904649856677
xrf,mo,40.0,21.0,52.5,8.0,20.0,21.0,52.5,13.0,61.904761904761905,9.0,42.857142857142854,3.0,37.5,0.0,0.0,1.518977177796515
xrf,nb,10.0,0.0,0.0,0.0,0.0,0.0,0.0,0.0,,0.0,,0.0,,0.0,,
xrf,nd,32.0,3.0,9.375,1.0,3.125,3.0,9.375,2.0,66.66666666666666,2.0,66.66666666666666,0.0,0.0,0.0,0.0,22.425803590209796
xrf,ni,10.0,0.0,0.0,0.0,0.0,0.0,0.0,0.0,,0.0,,0.0,,0.0,,
xrf,p,55.0,45.0,81.81818181818183,45.0,81.81818181818183,45.0,81.81818181818183,2.0,4.444444444444445,0.0,0.0,6.0,13.333333333333334,1.0,2.2222222222222223,74.87109910694167
xrf,pb,35.0,16.0,45.714285714285715,4.0,11.428571428571429,16.0,45.714285714285715,7.0,43.75,4.0,25.0,2.0,50.0,0.0,0.0,0.7527726527090811
xrf,pr,49.0,18.0,36.734693877551024,4.0,8.16326530612245,18.0,36.734693877551024,11.0,61.111111111111114,8.0,44.44444444444444,0.0,0.0,0.0,0.0,21.56737154016491
xrf,rb,52.0,42.0,80.76923076923077,37.0,71.15384615384616,42.0,80.76923076923077,6.0,14.285714285714285,1.0,2.380952380952381,28.0,75.67567567567568,1.0,2.380952380952381,0.951189731211342
xrf,s,55.0,45.0,81.81818181818183,45.0,81.81818181818183,45.0,81.81818181818183,4.0,8.88888888888889,1.0,2.2222222222222223,3.0,6.666666666666667,1.0,2.2222222222222223,292.0061262675456
xrf,sb,10.0,0.0,0.0,0.0,0.0,0.0,0.0,0.0,,0.0,,0.0,,0.0,,
xrf,se,10.0,0.0,0.0,0.0,0.0,0.0,0.0,0.0,,0.0,,0.0,,0.0,,
xrf,si,55.0,45.0,81.81818181818183,45.0,81.81818181818183,45.0,81.81818181818183,9.0,20.0,2.0,4.444444444444445,3.0,6.666666666666667,2.0,4.444444444444445,1110.7221708153397
xrf,sn,10.0,0.0,0.0,0.0,0.0,0.0,0.0,0.0,,0.0,,0.0,,0.0,,
xrf,sr,54.0,43.0,79.62962962962963,39.0,72.22222222222221,43.0,79.62962962962963,4.0,9.30232558139535,2.0,4.651162790697675,22.0,56.41025641025641,2.0,4.651162790697675,1.5872554441428892
xrf,th,55.0,45.0,81.81818181818183,45.0,81.81818181818183,45.0,81.81818181818183,4.0,8.88888888888889,0.0,0.0,10.0,22.22222222222222,0.0,0.0,3.055050463303893
xrf,ti,44.0,20.0,45.45454545454545,7.0,15.909090909090908,20.0,45.45454545454545,10.0,50.0,2.0,10.0,0.0,0.0,0.0,0.0,41.813592804372554
xrf,u,55.0,45.0,81.81818181818183,42.0,76.36363636363637,45.0,81.81818181818183,12.0,26.666666666666668,0.0,0.0,23.0,54.761904761904766,0.0,0.0,1.3931047127695537
xrf,v,10.0,0.0,0.0,0.0,0.0,0.0,0.0,0.0,,0.0,,0.0,,0.0,,
xrf,w,12.0,0.0,0.0,0.0,0.0,0.0,0.0,0.0,,0.0,,0.0,,0.0,,
xrf,y,12.0,2.0,16.666666666666664,2.0,16.666666666666664,2.0,16.666666666666664,2.0,100.0,1.0,50.0,1.0,50.0,0.0,0.0,1.632993161855452
xrf,zn,55.0,45.0,81.81818181818183,41.0,74.54545454545455,45.0,81.81818181818183,9.0,20.0,1.0,2.2222222222222223,12.0,29.268292682926827,1.0,2.2222222222222223,3.5108298058900447
xrf,zr,12.0,1.0,8.333333333333332,1.0,8.333333333333332,1.0,8.333333333333332,1.0,100.0,0.0,0.0,0.0,0.0,0.0,0.0,1.0
