analysis_type,parameter,n_replicate_groups,n_points_usable_for_correlation,n_points_usable_for_RSD_correlation,n_points_usable_for_loglog,spearman_mean_vs_SD,spearman_mean_vs_SD_pvalue,spearman_mean_vs_RSD,spearman_mean_vs_RSD_pvalue,loglog_slope,loglog_r_squared,precision_model_category
compositional,arabinan,7.0,7.0,7.0,7.0,0.4642857142857144,0.29393410760025196,-0.14285714285714288,0.7599453002180927,0.2730039958439908,0.18087706070194862,concentration_dependent_mixed
compositional,arabinose,7.0,7.0,7.0,7.0,0.4642857142857144,0.29393410760025196,-0.14285714285714288,0.7599453002180927,0.27692718856507176,0.19093775613064248,concentration_dependent_mixed
compositional,glucan,68.0,68.0,68.0,68.0,0.23010268351337934,0.0590645560572946,-0.22334618467763484,0.06712802522187504,0.5712291771875894,0.05743377925957788,unclear
compositional,glucose,66.0,66.0,66.0,66.0,0.21786869846571347,0.07886115943931028,-0.2518526249869534,0.041352524820218506,0.5252178778700742,0.050675151174328616,unclear
compositional,lignin,66.0,64.0,64.0,64.0,0.5165581108180785,1.244968652648692e-05,-0.035622710622710614,0.7798967297175599,0.8625342613550588,0.2752376779578824,approx_constant_relative_RSD
compositional,lignin+,4.0,4.0,4.0,4.0,,,,,,,insufficient_data
compositional,xylan,68.0,68.0,68.0,68.0,-0.018360881016910333,0.8818589212097543,-0.376989731648662,0.0015301672133017023,-0.06338532030070834,0.0008057101494733722,approx_constant_absolute_SD
compositional,xylose,66.0,66.0,66.0,66.0,0.027450161778519996,0.8268163928895362,-0.3191107400062625,0.009011983922231778,0.06899121280303971,0.0008455790483171988,approx_constant_absolute_SD
icp,al,24.0,24.0,24.0,20.0,0.4110860963341129,0.04597567397259885,0.0854590700990867,0.6913378178554557,1.1153143832500845,0.40778809794133214,approx_constant_relative_RSD
icp,b,13.0,3.0,3.0,2.0,,,,,,,insufficient_data
icp,ca,50.0,30.0,30.0,30.0,0.761470405324528,1.0249920293292145e-06,0.018020022246941044,0.9247014225657184,1.0563326941040052,0.8858298909783574,approx_constant_relative_RSD
icp,cu,37.0,27.0,27.0,17.0,0.19624797708564598,0.3265603206058275,0.09147533743106187,0.6499859133328083,1.3739009995504314,0.22112244859126604,concentration_dependent_mixed
icp,fe,37.0,27.0,27.0,20.0,0.5841268242966766,0.0013785812981174238,0.10223615216424159,0.6118529290924312,0.9806452681270459,0.5219031228091732,approx_constant_relative_RSD
icp,k,50.0,27.0,27.0,26.0,0.6866409733945148,7.649789967874318e-05,-0.08485958485958486,0.673872639876004,1.0052008873390563,0.8760952732176082,approx_constant_relative_RSD
icp,mg,50.0,30.0,30.0,26.0,0.4045025372851875,0.026613646047059247,0.10000006200371836,0.5990477941046157,1.1060580346372209,0.7906295174601292,approx_constant_relative_RSD
icp,mn,37.0,27.0,27.0,20.0,0.6929615591591585,6.164304878274177e-05,0.5174400737483839,0.005707373525468679,1.177218951681337,0.2909055497477778,concentration_dependent_mixed
icp,na,24.0,21.0,21.0,8.0,-0.100260756635629,0.665442571997088,-0.14545454545454545,0.5292829389801046,0.6799100840814173,0.8871328969951935,concentration_dependent_mixed
icp,nd,24.0,24.0,24.0,17.0,0.26224862495226553,0.21572587145403768,0.08328393288719796,0.698831185766551,0.5955098632996546,0.04533283568288689,unclear
icp,p,50.0,30.0,30.0,30.0,0.5777530589543938,0.0008276453593028322,0.01935483870967742,0.9191412148908162,1.1748037606238078,0.8564275717100861,approx_constant_relative_RSD
icp,s,37.0,27.0,27.0,26.0,0.34967174229182924,0.07379243763123017,-0.43956043956043955,0.021782622088906647,0.27469331277405457,0.06359188342121126,unclear
icp,si,24.0,24.0,24.0,14.0,0.04417110599878032,0.8376181760747439,-0.1124887426571866,0.6007464609719968,0.18771453055034767,0.0063061797190668645,approx_constant_absolute_SD
icp,ti,24.0,24.0,14.0,11.0,0.4805362501636475,0.017462348473880465,-0.7346803165797605,0.0027638538636098817,-1.7015606792128957,0.09279797894216009,unclear
icp,zn,37.0,27.0,26.0,17.0,0.4159309368616639,0.030941317661669344,0.28881827452902403,0.1524398060304922,2.242344774953206,0.5247829104936718,concentration_dependent_mixed
proximate,ash,115.0,115.0,115.0,115.0,0.6687354018106466,3.1580294309713234e-16,-0.0738069545914917,0.43309003587893813,0.8086434009711904,0.4301638502244522,approx_constant_relative_RSD
proximate,moisture,115.0,94.0,94.0,94.0,0.6314675337433896,8.877589279700796e-12,-0.08801791713325867,0.3989006319736461,0.8684096595088988,0.4113099769181347,approx_constant_relative_RSD
proximate,total solids,115.0,115.0,115.0,115.0,-0.49095209636314036,2.5396930722778316e-08,-0.6683263631342224,3.3414622721946046e-16,-0.6962908503013836,0.08452535723651543,unclear
proximate,volatile solids,115.0,115.0,115.0,115.0,-0.28916313881365596,0.0017226735866838593,-0.8020279334017203,4.751462972030217e-27,-0.09126366084014237,0.006417509305508473,approx_constant_absolute_SD
ultimate,adf-r,13.0,4.0,4.0,3.0,,,,,,,insufficient_data
ultimate,carbon,1.0,1.0,1.0,0.0,,,,,,,insufficient_data
ultimate,cf,13.0,4.0,4.0,3.0,,,,,,,insufficient_data
ultimate,dm,13.0,1.0,1.0,0.0,,,,,,,insufficient_data
ultimate,nitrogen,14.0,5.0,5.0,2.0,0.3354101966249684,0.5810906728217107,0.22360679774997894,0.7176856442107861,,,insufficient_data
ultimate,oxygen,1.0,1.0,1.0,0.0,,,,,,,insufficient_data
ultimate,sulfur,2.0,1.0,1.0,0.0,,,,,,,insufficient_data
xrd,crystallinity,10.0,9.0,9.0,9.0,-0.5499999999999999,0.12497678418833194,-0.5499999999999999,0.12497678418833194,-6.4653599045877685,0.2136028707375347,concentration_dependent_mixed
xrf,ag,10.0,0.0,0.0,0.0,,,,,,,insufficient_data
xrf,al,36.0,21.0,21.0,21.0,0.49350649350649345,0.02299628542974775,-0.4116883116883117,0.06369892951455675,0.5873610360797336,0.32093870253182377,concentration_dependent_mixed
xrf,as,11.0,1.0,1.0,1.0,,,,,,,insufficient_data
xrf,ba,55.0,37.0,37.0,36.0,0.7016253608350826,1.311456581011314e-06,0.4490571018978696,0.005304149430017271,1.7592962195993556,0.7876058145051109,concentration_dependent_mixed
xrf,bi,10.0,0.0,0.0,0.0,,,,,,,insufficient_data
xrf,ca,55.0,45.0,45.0,45.0,0.7473150226316095,3.700679940121915e-09,0.0986198491921416,0.519238503615717,0.895415854768654,0.49278000822170026,approx_constant_relative_RSD
xrf,cd,10.0,0.0,0.0,0.0,,,,,,,insufficient_data
xrf,ce,45.0,23.0,23.0,21.0,0.5341415794892878,0.008654676951125312,0.44213649851632053,0.034649695566671045,1.8669780057671683,0.774529069865607,concentration_dependent_mixed
xrf,co,26.0,1.0,1.0,0.0,,,,,,,insufficient_data
xrf,cr,10.0,0.0,0.0,0.0,,,,,,,insufficient_data
xrf,cu,55.0,45.0,45.0,44.0,0.27941666590953,0.06304785362640335,-0.5048601493862587,0.00040508152506975184,0.3097929957609744,0.0862510883192661,unclear
xrf,fe,55.0,45.0,45.0,45.0,0.6242629866030286,4.596245043863539e-06,-0.33281728665243787,0.025490303889031413,0.6060618983484164,0.35884282736556383,concentration_dependent_mixed
xrf,hg,10.0,0.0,0.0,0.0,,,,,,,insufficient_data
xrf,k,55.0,45.0,45.0,45.0,0.26082823534026905,0.08353227295033196,-0.44085773600121025,0.0024369055820757835,0.2474863194589015,0.03196801854844135,approx_constant_absolute_SD
xrf,la,48.0,18.0,18.0,18.0,0.40635547482929935,0.09425626332197021,0.21900838132664677,0.3825880001627423,1.8827469715818086,0.8108837946309251,concentration_dependent_mixed
xrf,mg,37.0,17.0,17.0,17.0,0.4387254901960785,0.07811671275305948,-0.18627450980392157,0.4740951399440866,0.78409756589475,0.20717994489816718,approx_constant_relative_RSD
xrf,mn,55.0,45.0,45.0,45.0,0.5595677433937646,6.436978312416085e-05,-0.3942288696874626,0.007370321655753198,0.40771359089621695,0.2130524383628299,concentration_dependent_mixed
xrf,mo,40.0,21.0,21.0,16.0,0.48027355173884867,0.027553284913184834,0.20990625290040993,0.3611146508127945,0.07228177210931752,0.004727866266020129,unclear
xrf,nb,10.0,0.0,0.0,0.0,,,,,,,insufficient_data
xrf,nd,32.0,3.0,3.0,3.0,,,,,,,insufficient_data
xrf,ni,10.0,0.0,0.0,0.0,,,,,,,insufficient_data
xrf,p,55.0,45.0,45.0,45.0,0.6617686049584928,7.425080091176731e-07,-0.19986824769433462,0.18805477947263247,0.7233712367087679,0.3594314639821671,approx_constant_relative_RSD
xrf,pb,35.0,16.0,16.0,7.0,0.33534810087388095,0.20417718817685876,0.14355907914271107,0.595823241571185,0.6312491939907628,0.31156420730783807,concentration_dependent_mixed
xrf,pr,49.0,18.0,18.0,18.0,0.6737449871027592,0.00217257429558609,0.5950416398308893,0.009187349281930731,3.2294310978832494,0.4761634281885926,concentration_dependent_mixed
xrf,rb,52.0,42.0,42.0,37.0,0.352536702643038,0.022032082251814793,-0.423913182942142,0.005147890582641196,0.04857255006022294,0.009720768834118126,unclear
xrf,s,55.0,45.0,45.0,45.0,0.639499267446609,2.257361333069289e-06,-0.3623188405797101,0.014450935142464207,0.6620702458068867,0.34059727094260306,concentration_dependent_mixed
xrf,sb,10.0,0.0,0.0,0.0,,,,,,,insufficient_data
xrf,se,10.0,0.0,0.0,0.0,,,,,,,insufficient_data
xrf,si,55.0,45.0,45.0,45.0,0.5587615283267456,6.629537592972837e-05,-0.4275362318840579,0.0033965876443079208,0.6925375045920807,0.5222721270799234,concentration_dependent_mixed
xrf,sn,10.0,0.0,0.0,0.0,,,,,,,insufficient_data
xrf,sr,54.0,43.0,43.0,39.0,0.44449830836521803,0.002824324845697428,-0.6142717113382692,1.178872588290805e-05,0.2943651972824521,0.2577527069658524,concentration_dependent_mixed
xrf,th,55.0,45.0,45.0,45.0,0.35413534913521133,0.01700134865363172,-0.30982899766441463,0.038341884773002016,0.5776060700923461,0.12158028834877542,unclear
xrf,ti,44.0,20.0,20.0,20.0,0.6130124540320586,0.004053692495664704,0.35187969924812035,0.12814195208704127,1.9024628887548078,0.44903702491429875,concentration_dependent_mixed
xrf,u,55.0,45.0,45.0,42.0,0.4443485182864745,0.002228911237102733,-0.0003304916360946434,0.9982808661262307,0.9634553835392714,0.25523651111066875,approx_constant_relative_RSD
xrf,v,10.0,0.0,0.0,0.0,,,,,,,insufficient_data
xrf,w,12.0,0.0,0.0,0.0,,,,,,,insufficient_data
xrf,y,12.0,2.0,2.0,2.0,,,,,,,insufficient_data
xrf,zn,55.0,45.0,45.0,41.0,0.4916331506755802,0.0006042255208305633,-0.4073683596399581,0.005479467707742032,0.5286803383541556,0.4381016907211201,concentration_dependent_mixed
xrf,zr,12.0,1.0,1.0,1.0,,,,,,,insufficient_data
