record_id,resource_name,parameter_name,analysis_type,unit,observed_value,group_mean,group_std,group_n,z_score,severity,analyst_name,analyst_email,qc_pass,note,created_at,provider_codename,sample_date,repl_no
(03)0161,almond hulls,la,,ppm,0.0,43.75,18.896333733595746,8,2.3152639351525095,LOW,,xkang2@lbl.gov,provisional,,2026-07-08 04:06:53.844185,tiny,,
(03)0663,almond hulls,rb,,ppm,7.0,16.0,6.194755846681934,17,1.452841762088271,LOW,,xkang2@lbl.gov,provisional,,2026-07-08 04:06:53.844185,tiny,,
(03)1c00,almond hulls,zn,,ppm,25.0,15.529411764705882,2.624824924133596,17,3.608083780452586,MEDIUM,,xkang2@lbl.gov,provisional,,2026-07-08 04:06:53.844185,tiny,,
(03)1dc2,almond hulls,mo,,ppm,10.0,5.333333333333333,2.3380903889000244,6,1.9959308197927037,LOW,,xkang2@lbl.gov,provisional,,2026-07-08 04:06:53.844185,tiny,,
(03)2448,almond hulls,th,,ppm,76.0,41.94117647058823,10.009186956462136,17,3.4027562555840456,MEDIUM,,xkang2@lbl.gov,provisional,,2026-07-08 04:06:53.844185,tiny,,
(03)3e42,almond hulls,s,,ppm,359.0,285.47058823529414,62.70278866113016,17,1.172665735204967,LOW,,xkang2@lbl.gov,provisional,,2026-07-08 04:06:53.844185,tiny,,
(03)645d,almond hulls,ca,,ppm,3850.0,3075.294117647059,625.5409423756652,17,1.2384575171223495,LOW,,xkang2@lbl.gov,provisional,,2026-07-08 04:06:53.844185,tiny,,
(03)663c,almond hulls,si,,ppm,17900.0,4438.823529411765,4174.375525681867,17,3.224716221090197,MEDIUM,,xkang2@lbl.gov,provisional,,2026-07-08 04:06:53.844185,tiny,,
(03)68d1,almond hulls,u,,ppm,21.0,13.058823529411764,2.6332154354347397,17,3.0157716545806137,MEDIUM,,xkang2@lbl.gov,provisional,,2026-07-08 04:06:53.844185,tiny,,
(03)6a5b,almond hulls,fe,,ppm,527.0,356.2352941176471,96.86300210333452,17,1.762950787961117,LOW,,xkang2@lbl.gov,provisional,,2026-07-08 04:06:53.844185,tiny,,
(03)79f8,almond hulls,ti,,ppm,344.0,227.0,51.264022471905186,8,2.282302370324546,LOW,,xkang2@lbl.gov,provisional,,2026-07-08 04:06:53.844185,tiny,,
(03)82cf,almond hulls,p,,ppm,529.0,1079.7058823529412,267.07881905578984,17,2.0619601520624697,LOW,,xkang2@lbl.gov,provisional,,2026-07-08 04:06:53.844185,tiny,,
(03)bbdf,almond hulls,k,,ppm,39100.0,32370.58823529412,4798.536848077019,17,1.4023882649567745,LOW,,xkang2@lbl.gov,provisional,,2026-07-08 04:06:53.844185,tiny,,
(03)d09a,almond hulls,nd,,ppm,0.0,83.25,57.7775908116633,4,1.4408700472016687,LOW,,xkang2@lbl.gov,provisional,,2026-07-08 04:06:53.844185,tiny,,
(03)da2a,almond hulls,mn,,ppm,0.0,36.1764705882353,10.898596779618277,17,3.319369577548714,MEDIUM,,xkang2@lbl.gov,provisional,,2026-07-08 04:06:53.844185,tiny,,
(03)ea08,almond hulls,ce,,ppm,42.0,53.0,10.447145885018413,8,1.0529191533330073,LOW,,xkang2@lbl.gov,provisional,,2026-07-08 04:06:53.844185,tiny,,
(04)0a4a,almond shells,cu,,ppm,9.0,11.642857142857142,1.984832597364433,14,1.3315264704773941,LOW,,jduong@lbl.gov,pass,,2026-07-08 04:06:53.844185,capstan,,
(04)0e4d,almond shells,pr,,ppm,147.0,81.0,45.570458267025,7,1.4483066993372307,LOW,,jduong@lbl.gov,pass,,2026-07-08 04:06:53.844185,capstan,,
(04)661b,almond shells,mn,,ppm,31.0,39.285714285714285,7.032108464077432,14,1.1782688404254182,LOW,,jduong@lbl.gov,pass,,2026-07-08 04:06:53.844185,capstan,,
(04)9261,almond shells,ce,,ppm,78.0,46.0,25.26657871576601,6,1.2664951737226071,LOW,,jduong@lbl.gov,pass,,2026-07-08 04:06:53.844185,capstan,,
(04)c6e9,almond shells,mn,,ppm,51.0,39.285714285714285,7.032108464077432,14,1.665828360601454,LOW,,jduong@lbl.gov,pass,,2026-07-08 04:06:53.844185,capstan,,
(04)f326,almond shells,mn,,ppm,30.0,39.285714285714285,7.032108464077432,14,1.320473700476762,LOW,,jduong@lbl.gov,pass,,2026-07-08 04:06:53.844185,capstan,,
(15)0c45,walnut shells,sr,,ppm,17.0,18.0,0.816496580927726,4,1.224744871391589,LOW,,jduong@lbl.gov,pass,,2026-07-08 04:06:53.844185,cutaway,,
(15)290b,walnut shells,cu,,ppm,10.0,12.5,2.3804761428476167,4,1.0502100630210074,LOW,,jduong@lbl.gov,pass,,2026-07-08 04:06:53.844185,cutaway,,
(15)7432,walnut shells,s,,ppm,291.0,327.5,25.01332977967281,4,1.4592219557134647,LOW,,jduong@lbl.gov,pass,,2026-07-08 04:06:53.844185,cutaway,,
(15)cc90,walnut shells,sr,,ppm,19.0,18.0,0.816496580927726,4,1.224744871391589,LOW,,jduong@lbl.gov,pass,,2026-07-08 04:06:53.844185,cutaway,,
(24)3474,grape pomace,la,,ppm,3030.0,482.14285714285717,1123.5689310661553,7,2.267646490046213,LOW,,jduong@lbl.gov,pass,,2026-07-08 04:06:53.844185,boatswain,,
(24)4337,grape pomace,mn,,ppm,54.0,43.86666666666667,8.542888995003528,15,1.1861717200422488,LOW,,jduong@lbl.gov,pass,,2026-07-08 04:06:53.844185,boatswain,,
(24)55e4,grape pomace,u,,ppm,12.0,13.8,1.4735767952260146,15,1.2215176065689335,LOW,,jduong@lbl.gov,pass,,2026-07-08 04:06:53.844185,boatswain,,
(24)5cba,grape pomace,zn,,ppm,26.0,22.6,2.5014281634983764,15,1.3592235226315366,LOW,,jduong@lbl.gov,pass,,2026-07-08 04:06:53.844185,boatswain,,
(24)7190,grape pomace,k,,ppm,20300.0,15312.0,4322.020360896046,15,1.154089889332655,LOW,,jduong@lbl.gov,pass,,2026-07-08 04:06:53.844185,boatswain,,
(24)80af,grape pomace,fe,,ppm,380.0,301.2,76.33684749656803,15,1.0322668879343324,LOW,,jduong@lbl.gov,pass,,2026-07-08 04:06:53.844185,boatswain,,
(24)95d4,grape pomace,th,,ppm,36.0,41.8,4.723799923185329,15,1.2278250760648157,LOW,,jduong@lbl.gov,pass,,2026-07-08 04:06:53.844185,boatswain,,
(24)9d04,grape pomace,fe,,ppm,387.0,301.2,76.33684749656803,15,1.1239657231569253,LOW,,jduong@lbl.gov,pass,,2026-07-08 04:06:53.844185,boatswain,,
(24)b5ac,grape pomace,si,,ppm,3270.0,2110.0,841.5292202718981,15,1.3784429251609398,LOW,,jduong@lbl.gov,pass,,2026-07-08 04:06:53.844185,boatswain,,
(24)bc68,grape pomace,rb,,ppm,3.0,9.866666666666667,6.390469093743841,15,1.074516841555343,LOW,,jduong@lbl.gov,pass,,2026-07-08 04:06:53.844185,boatswain,,
(24)bea0,grape pomace,k,,ppm,20300.0,15312.0,4322.020360896046,15,1.154089889332655,LOW,,jduong@lbl.gov,pass,,2026-07-08 04:06:53.844185,boatswain,,
(24)c423,grape pomace,si,,ppm,3220.0,2110.0,841.5292202718981,15,1.319027281835037,LOW,,jduong@lbl.gov,pass,,2026-07-08 04:06:53.844185,boatswain,,
(24)c76f,grape pomace,ce,,ppm,3990.0,632.1428571428571,1480.8269568691935,7,2.2675553867255496,LOW,,jduong@lbl.gov,pass,,2026-07-08 04:06:53.844185,boatswain,,
(24)c777,grape pomace,ba,,ppm,2090.0,192.23076923076923,570.3148478174364,13,3.327581664815302,MEDIUM,,jduong@lbl.gov,pass,,2026-07-08 04:06:53.844185,boatswain,,
(24)c93f,grape pomace,fe,,ppm,389.0,301.2,76.33684749656803,15,1.1501653903633806,LOW,,jduong@lbl.gov,pass,,2026-07-08 04:06:53.844185,boatswain,,
(24)e688,grape pomace,rb,,ppm,3.0,9.866666666666667,6.390469093743841,15,1.074516841555343,LOW,,jduong@lbl.gov,pass,,2026-07-08 04:06:53.844185,boatswain,,
(24)ed40,grape pomace,si,,ppm,3290.0,2110.0,841.5292202718981,15,1.4022091824913008,LOW,,jduong@lbl.gov,pass,,2026-07-08 04:06:53.844185,boatswain,,
(24)f8ff,grape pomace,rb,,ppm,3.0,9.866666666666667,6.390469093743841,15,1.074516841555343,LOW,,jduong@lbl.gov,pass,,2026-07-08 04:06:53.844185,boatswain,,
(27)0312,almond hulls,fe,,ppm,463.0,356.2352941176471,96.86300210333452,17,1.1022237961245012,LOW,,jduong@lbl.gov,pass,,2026-07-08 04:06:53.844185,tiny,,
(27)1859,almond hulls,fe,,ppm,500.0,356.2352941176471,96.86300210333452,17,1.4842065882800448,LOW,,jduong@lbl.gov,pass,,2026-07-08 04:06:53.844185,tiny,,
(27)65d2,almond hulls,fe,,ppm,462.0,356.2352941176471,96.86300210333452,17,1.0918999368770541,LOW,,jduong@lbl.gov,pass,,2026-07-08 04:06:53.844185,tiny,,
(27)8cf6,almond hulls,ce,,ppm,65.0,53.0,10.447145885018413,8,1.1486390763632808,LOW,,jduong@lbl.gov,pass,,2026-07-08 04:06:53.844185,tiny,,
(27)9af4,almond hulls,s,,ppm,214.0,285.47058823529414,62.70278866113016,17,1.1398310946192287,LOW,,jduong@lbl.gov,pass,,2026-07-08 04:06:53.844185,tiny,,
(27)edc1,almond hulls,rb,,ppm,8.0,16.0,6.194755846681934,17,1.2914148996340187,LOW,,jduong@lbl.gov,pass,,2026-07-08 04:06:53.844185,tiny,,
(29)0b5a,walnut shells,al,,ppm,0.0,474.0,418.80305634032806,3,1.1317968979071102,LOW,,xkang2@lbl.gov,provisional,,2026-07-08 04:06:53.844185,energetic,,
(29)1def,walnut shells,fe,,ppm,41.0,71.5,20.534523775015256,4,1.4853034983509055,LOW,,xkang2@lbl.gov,provisional,,2026-07-08 04:06:53.844185,energetic,,
(29)4607,walnut shells,ca,,ppm,8200.0,5447.5,1835.3814317465458,4,1.4996882677301173,LOW,,xkang2@lbl.gov,provisional,,2026-07-08 04:06:53.844185,energetic,,
(29)4b23,walnut shells,k,,ppm,12700.0,7252.5,3671.9420383951233,4,1.4835473825673213,LOW,,xkang2@lbl.gov,provisional,,2026-07-08 04:06:53.844185,energetic,,
(29)55e0,walnut shells,ba,,ppm,36.0,29.5,5.446711546122731,4,1.1933806196561039,LOW,,xkang2@lbl.gov,provisional,,2026-07-08 04:06:53.844185,energetic,,
(29)5c68,walnut shells,rb,,ppm,0.0,3.5,2.3804761428476167,4,1.4702940882294102,LOW,,xkang2@lbl.gov,provisional,,2026-07-08 04:06:53.844185,energetic,,
(29)6322,walnut shells,cu,,ppm,15.0,12.5,2.3804761428476167,4,1.0502100630210074,LOW,,xkang2@lbl.gov,provisional,,2026-07-08 04:06:53.844185,energetic,,
(29)7a00,walnut shells,p,,ppm,705.0,461.75,163.40415131405527,4,1.4886402704205763,LOW,,xkang2@lbl.gov,provisional,,2026-07-08 04:06:53.844185,energetic,,
(29)aa06,walnut shells,ce,,ppm,0.0,35.25,23.89386253134195,4,1.4752742447464084,LOW,,xkang2@lbl.gov,provisional,,2026-07-08 04:06:53.844185,energetic,,
(29)c080,walnut shells,zn,,ppm,21.0,12.25,5.909032633745278,4,1.4807838342321107,LOW,,xkang2@lbl.gov,provisional,,2026-07-08 04:06:53.844185,energetic,,
(29)c43e,walnut shells,si,,ppm,400.0,849.0,305.20266490754415,4,1.4711536025939247,LOW,,xkang2@lbl.gov,provisional,,2026-07-08 04:06:53.844185,energetic,,
(29)e246,walnut shells,pr,,ppm,0.0,46.666666666666664,40.463975747982715,3,1.1532892110581392,LOW,,xkang2@lbl.gov,provisional,,2026-07-08 04:06:53.844185,energetic,,
(29)fbc4,walnut shells,u,,ppm,22.0,17.5,3.1091263510296048,4,1.4473519220310231,LOW,,xkang2@lbl.gov,provisional,,2026-07-08 04:06:53.844185,energetic,,
(29)fdf5,walnut shells,th,,ppm,72.0,58.25,9.322910847298,4,1.4748612558045726,LOW,,xkang2@lbl.gov,provisional,,2026-07-08 04:06:53.844185,energetic,,
(29)fe09,walnut shells,ti,,ppm,0.0,146.0,126.7596150199266,3,1.151786394878596,LOW,,xkang2@lbl.gov,provisional,,2026-07-08 04:06:53.844185,energetic,,
(42)00bd,rice straw,th,,ppm,63.0,67.83333333333333,3.311595788538609,6,1.4595179007237036,LOW,,jduong@lbl.gov,pass,,2026-07-08 04:06:53.844185,possessive,,
(42)2aba,rice straw,ti,,ppm,559.0,498.0,53.50700888668698,3,1.1400375627271764,LOW,,jduong@lbl.gov,pass,,2026-07-08 04:06:53.844185,possessive,,
(42)2f18,rice straw,mn,,ppm,920.0,1159.1666666666667,231.5896514671298,6,1.0327174169982822,LOW,,jduong@lbl.gov,pass,,2026-07-08 04:06:53.844185,possessive,,
(42)33af,rice straw,al,,ppm,8930.0,8516.666666666666,392.08842540086965,3,1.0541839711558523,LOW,,jduong@lbl.gov,pass,,2026-07-08 04:06:53.844185,possessive,,
(42)33f4,rice straw,mg,,ppm,9700.0,7818.0,1442.3661116374026,5,1.3048004836050373,LOW,,jduong@lbl.gov,pass,,2026-07-08 04:06:53.844185,possessive,,
(42)5074,rice straw,zn,,ppm,66.0,60.5,5.128352561983234,6,1.0724691669546689,LOW,,jduong@lbl.gov,pass,,2026-07-08 04:06:53.844185,possessive,,
(42)646b,rice straw,si,,ppm,91600.0,88750.0,1659.8192672697826,6,1.7170544144170177,LOW,,jduong@lbl.gov,pass,,2026-07-08 04:06:53.844185,possessive,,
(42)835a,rice straw,u,,ppm,23.0,20.166666666666668,2.7141603981096383,6,1.043907845426783,LOW,,jduong@lbl.gov,pass,,2026-07-08 04:06:53.844185,possessive,,
(42)a467,rice straw,cu,,ppm,24.0,16.166666666666668,6.400520812142295,6,1.22385873950646,LOW,,jduong@lbl.gov,pass,,2026-07-08 04:06:53.844185,possessive,,
(42)ae01,rice straw,as,,ppm,8.0,7.333333333333333,0.5773502691896257,3,1.1547005383792521,LOW,,jduong@lbl.gov,pass,,2026-07-08 04:06:53.844185,possessive,,
(42)b359,rice straw,ca,,ppm,10500.0,8530.0,1717.1487996093992,6,1.147250605450219,LOW,,jduong@lbl.gov,pass,,2026-07-08 04:06:53.844185,possessive,,
(42)d223,rice straw,cu,,ppm,23.0,16.166666666666668,6.400520812142295,6,1.067621453612018,LOW,,jduong@lbl.gov,pass,,2026-07-08 04:06:53.844185,possessive,,
(42)d6ff,rice straw,p,,ppm,2560.0,2311.6666666666665,189.04144166469598,6,1.313644940212654,LOW,,jduong@lbl.gov,pass,,2026-07-08 04:06:53.844185,possessive,,
(42)e4b6,rice straw,sr,,ppm,34.0,26.166666666666668,5.946988033169957,6,1.3171933909471625,LOW,,jduong@lbl.gov,pass,,2026-07-08 04:06:53.844185,possessive,,
(42)f66d,rice straw,th,,ppm,72.0,67.83333333333333,3.311595788538609,6,1.2582050868307817,LOW,,jduong@lbl.gov,pass,,2026-07-08 04:06:53.844185,possessive,,
(48)0028,spent oak chips,mn,,ppm,20.0,29.916666666666668,8.979353422089359,12,1.1043853828351942,LOW,,jduong@lbl.gov,pass,,2026-07-08 04:06:53.844185,rigging,,
(48)098e,spent oak chips,ba,,ppm,25.0,21.7,2.4517567397911058,10,1.3459736630646182,LOW,,jduong@lbl.gov,pass,,2026-07-08 04:06:53.844185,rigging,,
(48)118d,spent oak chips,k,,ppm,32100.0,13677.5,9653.939492625419,12,1.908288322510497,LOW,,jduong@lbl.gov,pass,,2026-07-08 04:06:53.844185,rigging,,
(48)1a28,spent oak chips,mo,,ppm,4.0,5.5,1.0,4,1.5,LOW,,jduong@lbl.gov,pass,,2026-07-08 04:06:53.844185,rigging,,
(48)1f4d,spent oak chips,rb,,ppm,18.0,12.0,4.631905164675271,12,1.2953633087651184,LOW,,jduong@lbl.gov,pass,,2026-07-08 04:06:53.844185,rigging,,
(48)435d,spent oak chips,ti,,ppm,252.0,205.0,40.779897008207364,3,1.152528658680545,LOW,,jduong@lbl.gov,pass,,2026-07-08 04:06:53.844185,rigging,,
(48)5469,spent oak chips,s,,ppm,1660.0,2134.1666666666665,283.1786565317936,12,1.674443520828802,LOW,,jduong@lbl.gov,pass,,2026-07-08 04:06:53.844185,rigging,,
(48)61cf,spent oak chips,k,,ppm,32000.0,13677.5,9653.939492625419,12,1.897929856924879,LOW,,jduong@lbl.gov,pass,,2026-07-08 04:06:53.844185,rigging,,
(48)6513,spent oak chips,u,,ppm,16.0,18.833333333333332,2.4802248187442912,12,1.14236955937237,LOW,,jduong@lbl.gov,pass,,2026-07-08 04:06:53.844185,rigging,,
(48)690f,spent oak chips,th,,ppm,50.0,60.25,5.495866215124369,12,1.8650381211595861,LOW,,jduong@lbl.gov,pass,,2026-07-08 04:06:53.844185,rigging,,
(48)9155,spent oak chips,u,,ppm,15.0,18.833333333333332,2.4802248187442912,12,1.545558815621442,LOW,,jduong@lbl.gov,pass,,2026-07-08 04:06:53.844185,rigging,,
(48)b713,spent oak chips,s,,ppm,1620.0,2134.1666666666665,283.1786565317936,12,1.815697104308209,LOW,,jduong@lbl.gov,pass,,2026-07-08 04:06:53.844185,rigging,,
(48)bd1e,spent oak chips,rb,,ppm,20.0,12.0,4.631905164675271,12,1.7271510783534911,LOW,,jduong@lbl.gov,pass,,2026-07-08 04:06:53.844185,rigging,,
(48)c60a,spent oak chips,ca,,ppm,1720.0,1183.75,299.11053748800566,12,1.7928154738497089,LOW,,jduong@lbl.gov,pass,,2026-07-08 04:06:53.844185,rigging,,
(48)d3ca,spent oak chips,ca,,ppm,1730.0,1183.75,299.11053748800566,12,1.8262479302385146,LOW,,jduong@lbl.gov,pass,,2026-07-08 04:06:53.844185,rigging,,
(48)de20,spent oak chips,si,,ppm,396.0,723.5833333333334,250.03107382641036,12,1.3101704852924216,LOW,,jduong@lbl.gov,pass,,2026-07-08 04:06:53.844185,rigging,,
(48)e5b8,spent oak chips,s,,ppm,1790.0,2134.1666666666665,283.1786565317936,12,1.2153693745207297,LOW,,jduong@lbl.gov,pass,,2026-07-08 04:06:53.844185,rigging,,
(48)e8ea,spent oak chips,ce,,ppm,44.0,60.125,13.02127380207372,8,1.238358108822809,LOW,,jduong@lbl.gov,pass,,2026-07-08 04:06:53.844185,rigging,,
(48)f8a1,spent oak chips,rb,,ppm,20.0,12.0,4.631905164675271,12,1.7271510783534911,LOW,,jduong@lbl.gov,pass,,2026-07-08 04:06:53.844185,rigging,,
(4c)0781,almond branches,s,,ppm,798.0,718.5714285714286,78.15125749224416,7,1.0163441251915115,LOW,,jduong@lbl.gov,pass,,2026-07-08 04:06:53.844185,humorous,,
(4c)18d2,almond branches,ca,,ppm,14800.0,11784.285714285714,2430.2253471839267,7,1.2409196082202034,LOW,,jduong@lbl.gov,pass,,2026-07-08 04:06:53.844185,humorous,,
(4c)3b8d,almond branches,pr,,ppm,90.0,68.0,18.036999011291577,4,1.2197150970750452,LOW,,jduong@lbl.gov,pass,,2026-07-08 04:06:53.844185,humorous,,
(4c)44cd,almond branches,ba,,ppm,44.0,29.285714285714285,14.522560445898026,7,1.013201891574281,LOW,,jduong@lbl.gov,pass,,2026-07-08 04:06:53.844185,humorous,,
(4c)8d6e,almond branches,p,,ppm,1130.0,798.2857142857143,323.7029061169693,7,1.0247491741529855,LOW,,jduong@lbl.gov,pass,,2026-07-08 04:06:53.844185,humorous,,
(4c)8df5,almond branches,s,,ppm,799.0,718.5714285714286,78.15125749224416,7,1.0291398246093901,LOW,,jduong@lbl.gov,pass,,2026-07-08 04:06:53.844185,humorous,,
(4c)9a91,almond branches,sr,,ppm,102.0,92.42857142857143,9.052755434252102,7,1.0572945045233422,LOW,,jduong@lbl.gov,pass,,2026-07-08 04:06:53.844185,humorous,,
(4c)a8c6,almond branches,ca,,ppm,14400.0,11784.285714285714,2430.2253471839267,7,1.076325818404165,LOW,,jduong@lbl.gov,pass,,2026-07-08 04:06:53.844185,humorous,,
(4c)c1f0,almond branches,sr,,ppm,102.0,92.42857142857143,9.052755434252102,7,1.0572945045233422,LOW,,jduong@lbl.gov,pass,,2026-07-08 04:06:53.844185,humorous,,
(60)0836,almond shells,ba,,ppm,0.0,23.7,13.515834335244636,10,1.7534988526900313,LOW,,xkang2@lbl.gov,provisional,,2026-07-08 04:06:53.844185,tiny,,
(60)0bbc,almond shells,ce,,ppm,0.0,46.0,25.26657871576601,6,1.8205868122262479,LOW,,xkang2@lbl.gov,provisional,,2026-07-08 04:06:53.844185,tiny,,
(60)195f,almond shells,si,,ppm,13500.0,5504.285714285715,4888.719691266848,14,1.6355436168692055,LOW,,xkang2@lbl.gov,provisional,,2026-07-08 04:06:53.844185,tiny,,
(60)34dc,almond shells,la,,ppm,0.0,32.0,22.045407685048602,7,1.4515494772048463,LOW,,xkang2@lbl.gov,provisional,,2026-07-08 04:06:53.844185,tiny,,
(60)472d,almond shells,fe,,ppm,941.0,408.85714285714283,236.96830594401868,14,2.245628819529015,LOW,,xkang2@lbl.gov,provisional,,2026-07-08 04:06:53.844185,tiny,,
(60)48a6,almond shells,al,,ppm,4760.0,2495.4285714285716,2129.8997517209473,7,1.0632291152396574,LOW,,xkang2@lbl.gov,provisional,,2026-07-08 04:06:53.844185,tiny,,
(60)802d,almond shells,ca,,ppm,7530.0,3940.0,1189.6605850797562,14,3.0176674297058623,MEDIUM,,xkang2@lbl.gov,provisional,,2026-07-08 04:06:53.844185,tiny,,
(60)8f24,almond shells,rb,,ppm,0.0,18.071428571428573,7.508603124358145,14,2.406763051945613,LOW,,xkang2@lbl.gov,provisional,,2026-07-08 04:06:53.844185,tiny,,
(60)baba,almond shells,th,,ppm,85.0,50.5,11.837034451896498,14,2.9145813624351242,LOW,,xkang2@lbl.gov,provisional,,2026-07-08 04:06:53.844185,tiny,,
(60)be99,almond shells,p,,ppm,339.0,839.3571428571429,300.65456978012213,14,1.6642259694341894,LOW,,xkang2@lbl.gov,provisional,,2026-07-08 04:06:53.844185,tiny,,
(60)d32a,almond shells,pb,,ppm,0.0,3.0,2.160246899469287,4,1.3887301496588271,LOW,,xkang2@lbl.gov,provisional,,2026-07-08 04:06:53.844185,tiny,,
(60)d682,almond shells,ti,,ppm,421.0,246.125,100.35001245640181,8,1.7426505061569015,LOW,,xkang2@lbl.gov,provisional,,2026-07-08 04:06:53.844185,tiny,,
(60)ec56,almond shells,mo,,ppm,0.0,3.0,2.7386127875258306,5,1.0954451150103321,LOW,,xkang2@lbl.gov,provisional,,2026-07-08 04:06:53.844185,tiny,,
(60)f45e,almond shells,pr,,ppm,0.0,81.0,45.570458267025,7,1.777467312822965,LOW,,xkang2@lbl.gov,provisional,,2026-07-08 04:06:53.844185,tiny,,
(60)f538,almond shells,u,,ppm,21.0,15.285714285714286,2.8670159085328106,14,1.9931126636859113,LOW,,xkang2@lbl.gov,provisional,,2026-07-08 04:06:53.844185,tiny,,
(60)f714,almond shells,mn,,ppm,47.0,39.285714285714285,7.032108464077432,14,1.0970089203960793,LOW,,xkang2@lbl.gov,provisional,,2026-07-08 04:06:53.844185,tiny,,
(60)fa52,almond shells,sr,,ppm,48.0,26.285714285714285,10.223867787069262,14,2.123881701771327,LOW,,xkang2@lbl.gov,provisional,,2026-07-08 04:06:53.844185,tiny,,
(62)01e1,wheat straw,p,,ppm,3260.0,2181.6666666666665,962.0273731379303,6,1.1208967264788294,LOW,,jduong@lbl.gov,pass,,2026-07-08 04:06:53.844185,possessive,,
(62)038f,wheat straw,k,,ppm,45000.0,41766.666666666664,2956.123587853977,6,1.0937747483286386,LOW,,jduong@lbl.gov,pass,,2026-07-08 04:06:53.844185,possessive,,
(62)224b,cotton stem mix,mn,,ppm,43.0,66.75,16.890691357829454,12,1.4060999337952502,LOW,,jduong@lbl.gov,pass,,2026-07-08 04:06:53.844185,schooner,,
(62)24d1,cotton stem mix,mg,,ppm,11900.0,8881.818181818182,1587.2795480432437,11,1.9014809470093361,LOW,,jduong@lbl.gov,pass,,2026-07-08 04:06:53.844185,schooner,,
(62)2a62,cotton stem mix,sr,,ppm,61.0,84.25,20.42336006546514,12,1.1384022964622047,LOW,,jduong@lbl.gov,pass,,2026-07-08 04:06:53.844185,schooner,,
(62)2b52,cotton stem mix,k,,ppm,19900.0,28175.0,7662.793817590885,12,1.0798933387720442,LOW,,jduong@lbl.gov,pass,,2026-07-08 04:06:53.844185,schooner,,
(62)3d32,wheat straw,ba,,ppm,20.0,24.8,2.949576240750525,5,1.6273524086899454,LOW,,jduong@lbl.gov,pass,,2026-07-08 04:06:53.844185,possessive,,
(62)442b,wheat straw,cu,,ppm,16.0,13.166666666666666,1.602081978759722,6,1.7685320544750183,LOW,,jduong@lbl.gov,pass,,2026-07-08 04:06:53.844185,possessive,,
(62)4583,wheat straw,ba,,ppm,28.0,24.8,2.949576240750525,5,1.0849016057932965,LOW,,jduong@lbl.gov,pass,,2026-07-08 04:06:53.844185,possessive,,
(62)4b7e,wheat straw,si,,ppm,95500.0,78183.33333333333,15948.343696655984,6,1.0857971834590945,LOW,,jduong@lbl.gov,pass,,2026-07-08 04:06:53.844185,possessive,,
(62)506b,cotton stem mix,sr,,ppm,63.0,84.25,20.42336006546514,12,1.0404752171966387,LOW,,jduong@lbl.gov,pass,,2026-07-08 04:06:53.844185,schooner,,
(62)5479,wheat straw,mn,,ppm,68.0,93.5,15.449919093639295,6,1.6504940799656553,LOW,,jduong@lbl.gov,pass,,2026-07-08 04:06:53.844185,possessive,,
(62)61ad,wheat straw,mo,,ppm,7.0,9.0,1.5811388300841893,5,1.264911064067352,LOW,,jduong@lbl.gov,pass,,2026-07-08 04:06:53.844185,possessive,,
(62)6a74,wheat straw,sr,,ppm,17.0,20.666666666666668,2.658320271650252,6,1.3793171220826779,LOW,,jduong@lbl.gov,pass,,2026-07-08 04:06:53.844185,possessive,,
(62)6c63,wheat straw,pb,,ppm,4.0,5.4,0.894427190999916,5,1.565247584249853,LOW,,jduong@lbl.gov,pass,,2026-07-08 04:06:53.844185,possessive,,
(62)7b09,wheat straw,s,,ppm,2610.0,2895.0,191.07590114925534,6,1.4915538709268084,LOW,,jduong@lbl.gov,pass,,2026-07-08 04:06:53.844185,possessive,,
(62)82c1,wheat straw,mg,,ppm,7570.0,8400.0,718.9575787207476,3,1.1544491977911018,LOW,,jduong@lbl.gov,pass,,2026-07-08 04:06:53.844185,possessive,,
(62)8f0d,cotton stem mix,th,,ppm,68.0,61.916666666666664,5.930787673171448,12,1.0257209781513414,LOW,,jduong@lbl.gov,pass,,2026-07-08 04:06:53.844185,schooner,,
(62)a275,cotton stem mix,k,,ppm,20000.0,28175.0,7662.793817590885,12,1.0668432682128655,LOW,,jduong@lbl.gov,pass,,2026-07-08 04:06:53.844185,schooner,,
(62)a901,wheat straw,ca,,ppm,4950.0,5543.333333333333,579.5745566074021,6,1.0237394422668746,LOW,,jduong@lbl.gov,pass,,2026-07-08 04:06:53.844185,possessive,,
(62)abbc,wheat straw,th,,ppm,82.0,76.5,3.7282703764614498,6,1.4752148971610053,LOW,,jduong@lbl.gov,pass,,2026-07-08 04:06:53.844185,possessive,,
(62)b4b7,wheat straw,u,,ppm,24.0,21.833333333333332,1.7224014243685084,6,1.257933624538799,LOW,,jduong@lbl.gov,pass,,2026-07-08 04:06:53.844185,possessive,,
(62)b802,cotton stem mix,k,,ppm,19900.0,28175.0,7662.793817590885,12,1.0798933387720442,LOW,,jduong@lbl.gov,pass,,2026-07-08 04:06:53.844185,schooner,,
(62)b86b,cotton stem mix,cu,,ppm,13.0,15.166666666666666,2.124888588879783,12,1.0196613027174795,LOW,,jduong@lbl.gov,pass,,2026-07-08 04:06:53.844185,schooner,,
(62)b981,cotton stem mix,sr,,ppm,60.0,84.25,20.42336006546514,12,1.1873658360949877,LOW,,jduong@lbl.gov,pass,,2026-07-08 04:06:53.844185,schooner,,
(62)bec1,wheat straw,ca,,ppm,4900.0,5543.333333333333,579.5745566074021,6,1.1100096199859935,LOW,,jduong@lbl.gov,pass,,2026-07-08 04:06:53.844185,possessive,,
(62)c0ce,wheat straw,u,,ppm,20.0,21.833333333333332,1.7224014243685084,6,1.0644053746097517,LOW,,jduong@lbl.gov,pass,,2026-07-08 04:06:53.844185,possessive,,
(62)cd96,cotton stem mix,mn,,ppm,49.0,66.75,16.890691357829454,12,1.050874687362766,LOW,,jduong@lbl.gov,pass,,2026-07-08 04:06:53.844185,schooner,,
(62)d2d8,wheat straw,zn,,ppm,16.0,23.5,5.167204273105526,6,1.451461874467844,LOW,,jduong@lbl.gov,pass,,2026-07-08 04:06:53.844185,possessive,,
(62)d9c3,cotton stem mix,ba,,ppm,18.0,27.5,7.982936347439627,12,1.1900383000106147,LOW,,jduong@lbl.gov,pass,,2026-07-08 04:06:53.844185,schooner,,
(62)e4d2,cotton stem mix,ti,,ppm,226.0,289.3333333333333,61.302528495976404,9,1.0331275868578602,LOW,,jduong@lbl.gov,pass,,2026-07-08 04:06:53.844185,schooner,,
(62)fa19,wheat straw,u,,ppm,20.0,21.833333333333332,1.7224014243685084,6,1.0644053746097517,LOW,,jduong@lbl.gov,pass,,2026-07-08 04:06:53.844185,possessive,,
(62)fdc0,cotton stem mix,u,,ppm,24.0,20.75,1.8647446815241835,12,1.742865944169661,LOW,,jduong@lbl.gov,pass,,2026-07-08 04:06:53.844185,schooner,,
(65)0179,spent oak chips,u,,ppm,22.0,18.833333333333332,2.4802248187442912,12,1.2767659781220615,LOW,,jduong@lbl.gov,pass,,2026-07-08 04:06:53.844185,rigging,,
(65)0762,spent oak chips,s,,ppm,2420.0,2134.1666666666665,283.1786565317936,12,1.009374565279929,LOW,,jduong@lbl.gov,pass,,2026-07-08 04:06:53.844185,rigging,,
(65)15c5,spent oak chips,zn,,ppm,16.0,10.916666666666666,2.874917653629668,12,1.7681665862378617,LOW,,jduong@lbl.gov,pass,,2026-07-08 04:06:53.844185,rigging,,
(65)1632,grape pomace,si,,ppm,1200.0,2110.0,841.5292202718981,15,1.0813647085314269,LOW,,jduong@lbl.gov,pass,,2026-07-08 04:06:53.844185,rigging,,
(65)31f0,spent oak chips,la,,ppm,44.0,36.5,6.137317546507322,4,1.2220322548355291,LOW,,jduong@lbl.gov,pass,,2026-07-08 04:06:53.844185,rigging,,
(65)3505,spent oak chips,cu,,ppm,6.0,9.25,2.0056737702645644,12,1.6204031025301284,LOW,,jduong@lbl.gov,pass,,2026-07-08 04:06:53.844185,rigging,,
(65)40f0,grape pomace,p,,ppm,3410.0,2926.6666666666665,402.43307636473037,15,1.2010278521323186,LOW,,jduong@lbl.gov,pass,,2026-07-08 04:06:53.844185,rigging,,
(65)4199,spent oak chips,sr,,ppm,13.0,6.833333333333333,3.9041547410962387,12,1.5795138962486774,LOW,,jduong@lbl.gov,pass,,2026-07-08 04:06:53.844185,rigging,,
(65)53d6,grape pomace,mo,,ppm,7.0,5.142857142857143,1.5735915849388862,7,1.1801936887041646,LOW,,jduong@lbl.gov,pass,,2026-07-08 04:06:53.844185,rigging,,
(65)5c0e,grape pomace,p,,ppm,3460.0,2926.6666666666665,402.43307636473037,15,1.325272112697731,LOW,,jduong@lbl.gov,pass,,2026-07-08 04:06:53.844185,rigging,,
(65)5cbf,grape pomace,p,,ppm,3420.0,2926.6666666666665,402.43307636473037,15,1.225876704245401,LOW,,jduong@lbl.gov,pass,,2026-07-08 04:06:53.844185,rigging,,
(65)5d26,spent oak chips,ba,,ppm,26.0,21.7,2.4517567397911058,10,1.7538444700538964,LOW,,jduong@lbl.gov,pass,,2026-07-08 04:06:53.844185,rigging,,
(65)6730,grape pomace,ca,,ppm,7320.0,6060.714285714285,1099.9333146619826,14,1.1448746005776742,LOW,,jduong@lbl.gov,pass,,2026-07-08 04:06:53.844185,rigging,,
(65)682e,spent oak chips,zn,,ppm,15.0,10.916666666666666,2.874917653629668,12,1.4203305364861514,LOW,,jduong@lbl.gov,pass,,2026-07-08 04:06:53.844185,rigging,,
(65)6963,grape pomace,pr,,ppm,123.0,93.25,23.200215516240362,4,1.2823156741442652,LOW,,jduong@lbl.gov,pass,,2026-07-08 04:06:53.844185,rigging,,
(65)6af2,spent oak chips,si,,ppm,1100.0,723.5833333333334,250.03107382641036,12,1.5054795426267789,LOW,,jduong@lbl.gov,pass,,2026-07-08 04:06:53.844185,rigging,,
(65)70c1,grape pomace,ca,,ppm,7300.0,6060.714285714285,1099.9333146619826,14,1.126691680092039,LOW,,jduong@lbl.gov,pass,,2026-07-08 04:06:53.844185,rigging,,
(65)79e8,spent oak chips,si,,ppm,1040.0,723.5833333333334,250.03107382641036,12,1.265509369792756,LOW,,jduong@lbl.gov,pass,,2026-07-08 04:06:53.844185,rigging,,
(65)7c35,spent oak chips,rb,,ppm,7.0,12.0,4.631905164675271,12,1.079469423970932,LOW,,jduong@lbl.gov,pass,,2026-07-08 04:06:53.844185,rigging,,
(65)8db0,spent oak chips,fe,,ppm,272.0,144.91666666666666,83.65237412631929,12,1.5191838206699444,LOW,,jduong@lbl.gov,pass,,2026-07-08 04:06:53.844185,rigging,,
(65)905d,spent oak chips,fe,,ppm,259.0,144.91666666666666,83.65237412631929,12,1.3637787872112486,LOW,,jduong@lbl.gov,pass,,2026-07-08 04:06:53.844185,rigging,,
(65)9b52,grape pomace,sr,,ppm,45.0,33.53333333333333,10.45990075524256,15,1.096250044334265,LOW,,jduong@lbl.gov,pass,,2026-07-08 04:06:53.844185,rigging,,
(65)a509,grape pomace,th,,ppm,35.0,41.8,4.723799923185329,15,1.4395190546966807,LOW,,jduong@lbl.gov,pass,,2026-07-08 04:06:53.844185,rigging,,
(65)b1e9,grape pomace,th,,ppm,35.0,41.8,4.723799923185329,15,1.4395190546966807,LOW,,jduong@lbl.gov,pass,,2026-07-08 04:06:53.844185,rigging,,
(65)b4d1,spent oak chips,p,,ppm,262.0,386.25,82.9809671496477,12,1.4973313070204137,LOW,,jduong@lbl.gov,pass,,2026-07-08 04:06:53.844185,rigging,,
(65)b906,grape pomace,sr,,ppm,46.0,33.53333333333333,10.45990075524256,15,1.191853245875044,LOW,,jduong@lbl.gov,pass,,2026-07-08 04:06:53.844185,rigging,,
(65)bbd4,spent oak chips,sr,,ppm,12.0,6.833333333333333,3.9041547410962387,12,1.323376507667811,LOW,,jduong@lbl.gov,pass,,2026-07-08 04:06:53.844185,rigging,,
(65)bd1d,spent oak chips,fe,,ppm,296.0,144.91666666666666,83.65237412631929,12,1.8060854209013832,LOW,,jduong@lbl.gov,pass,,2026-07-08 04:06:53.844185,rigging,,
(65)c0c2,grape pomace,si,,ppm,1180.0,2110.0,841.5292202718981,15,1.1051309658617878,LOW,,jduong@lbl.gov,pass,,2026-07-08 04:06:53.844185,rigging,,
(65)cbd6,grape pomace,zn,,ppm,19.0,22.6,2.5014281634983764,15,1.4391778474922166,LOW,,jduong@lbl.gov,pass,,2026-07-08 04:06:53.844185,rigging,,
(65)ce2a,grape pomace,sr,,ppm,46.0,33.53333333333333,10.45990075524256,15,1.191853245875044,LOW,,jduong@lbl.gov,pass,,2026-07-08 04:06:53.844185,rigging,,
(65)d5b4,spent oak chips,p,,ppm,258.0,386.25,82.9809671496477,12,1.5455351317937067,LOW,,jduong@lbl.gov,pass,,2026-07-08 04:06:53.844185,rigging,,
(65)d89b,grape pomace,mn,,ppm,34.0,43.86666666666667,8.542888995003528,15,1.1549566747779791,LOW,,jduong@lbl.gov,pass,,2026-07-08 04:06:53.844185,rigging,,
(65)dbce,spent oak chips,p,,ppm,253.0,386.25,82.9809671496477,12,1.605789912760323,LOW,,jduong@lbl.gov,pass,,2026-07-08 04:06:53.844185,rigging,,
(65)efe3,grape pomace,u,,ppm,12.0,13.8,1.4735767952260146,15,1.2215176065689335,LOW,,jduong@lbl.gov,pass,,2026-07-08 04:06:53.844185,rigging,,
(65)f13a,grape pomace,si,,ppm,1150.0,2110.0,841.5292202718981,15,1.1407803518573294,LOW,,jduong@lbl.gov,pass,,2026-07-08 04:06:53.844185,rigging,,
(65)fb9f,spent oak chips,sr,,ppm,14.0,6.833333333333333,3.9041547410962387,12,1.835651284829544,LOW,,jduong@lbl.gov,pass,,2026-07-08 04:06:53.844185,rigging,,
(65)fea4,spent oak chips,si,,ppm,1050.0,723.5833333333334,250.03107382641036,12,1.3055043985984265,LOW,,jduong@lbl.gov,pass,,2026-07-08 04:06:53.844185,rigging,,
(71)1d78,almond shells,mn,,ppm,29.0,39.285714285714285,7.032108464077432,14,1.4626785605281054,LOW,,jduong@lbl.gov,pass,,2026-07-08 04:06:53.844185,humorous,,
(71)1f61,almond shells,cu,,ppm,8.0,11.642857142857142,1.984832597364433,14,1.8353472971445164,LOW,,jduong@lbl.gov,pass,,2026-07-08 04:06:53.844185,humorous,,
(71)461c,almond shells,zn,,ppm,10.0,15.928571428571429,5.283709153386702,14,1.122047269534393,LOW,,jduong@lbl.gov,pass,,2026-07-08 04:06:53.844185,humorous,,
(71)4860,almond shells,s,,ppm,320.0,484.14285714285717,100.20352914317564,14,1.6380945715826227,LOW,,jduong@lbl.gov,pass,,2026-07-08 04:06:53.844185,humorous,,
(71)5730,almond shells,u,,ppm,12.0,15.285714285714286,2.8670159085328106,14,1.1460397816193995,LOW,,jduong@lbl.gov,pass,,2026-07-08 04:06:53.844185,humorous,,
(71)6626,almond shells,zn,,ppm,9.0,15.928571428571429,5.283709153386702,14,1.3113082547570618,LOW,,jduong@lbl.gov,pass,,2026-07-08 04:06:53.844185,humorous,,
(71)7f8d,almond shells,s,,ppm,335.0,484.14285714285717,100.20352914317564,14,1.4883992451977879,LOW,,jduong@lbl.gov,pass,,2026-07-08 04:06:53.844185,humorous,,
(71)918f,almond shells,fe,,ppm,157.0,408.85714285714283,236.96830594401868,14,1.062830499014672,LOW,,jduong@lbl.gov,pass,,2026-07-08 04:06:53.844185,humorous,,
(71)a1b0,almond shells,u,,ppm,12.0,15.285714285714286,2.8670159085328106,14,1.1460397816193995,LOW,,jduong@lbl.gov,pass,,2026-07-08 04:06:53.844185,humorous,,
(71)ac33,almond shells,sr,,ppm,16.0,26.285714285714285,10.223867787069262,14,1.006049227154839,LOW,,jduong@lbl.gov,pass,,2026-07-08 04:06:53.844185,humorous,,
(71)b8a7,almond shells,fe,,ppm,149.0,408.85714285714283,236.96830594401868,14,1.0965902879794034,LOW,,jduong@lbl.gov,pass,,2026-07-08 04:06:53.844185,humorous,,
(71)bbb1,almond shells,cu,,ppm,9.0,11.642857142857142,1.984832597364433,14,1.3315264704773941,LOW,,jduong@lbl.gov,pass,,2026-07-08 04:06:53.844185,humorous,,
(71)c775,almond shells,s,,ppm,337.0,484.14285714285717,100.20352914317564,14,1.4684398683464766,LOW,,jduong@lbl.gov,pass,,2026-07-08 04:06:53.844185,humorous,,
(71)dd2f,almond shells,u,,ppm,11.0,15.285714285714286,2.8670159085328106,14,1.4948344977644341,LOW,,jduong@lbl.gov,pass,,2026-07-08 04:06:53.844185,humorous,,
(78)08ef,peach pomace,rb,,ppm,41.0,40.333333333333336,0.5773502691896263,3,1.1547005383792464,LOW,,jduong@lbl.gov,pass,,2026-07-08 04:06:53.844185,rushes,,
(78)0f6e,peach pomace,u,,ppm,11.0,11.666666666666666,0.5773502691896258,3,1.1547005383792504,LOW,,jduong@lbl.gov,pass,,2026-07-08 04:06:53.844185,rushes,,
(78)1254,peach pomace,cu,,ppm,23.0,21.666666666666668,1.1547005383792517,3,1.1547005383792504,LOW,,jduong@lbl.gov,pass,,2026-07-08 04:06:53.844185,rushes,,
(78)161a,peach pomace,s,,ppm,1930.0,1800.0,121.2435565298214,3,1.0722219284950194,LOW,,jduong@lbl.gov,pass,,2026-07-08 04:06:53.844185,rushes,,
(78)16ed,peach pomace,k,,ppm,51000.0,48900.0,1819.3405398660252,3,1.1542643908515569,LOW,,jduong@lbl.gov,pass,,2026-07-08 04:06:53.844185,rushes,,
(78)2aac,peach pomace,ca,,ppm,3350.0,3376.6666666666665,23.094010767585065,3,1.1547005383792432,LOW,,jduong@lbl.gov,pass,,2026-07-08 04:06:53.844185,rushes,,
(78)4743,peach pomace,zn,,ppm,44.0,41.0,2.6457513110645907,3,1.1338934190276817,LOW,,jduong@lbl.gov,pass,,2026-07-08 04:06:53.844185,rushes,,
(78)494a,peach pomace,al,,ppm,1340.0,2003.3333333333333,577.0904030854554,3,1.1494444021019476,LOW,,jduong@lbl.gov,pass,,2026-07-08 04:06:53.844185,rushes,,
(78)5491,peach pomace,si,,ppm,1740.0,1643.3333333333333,83.8649708360608,3,1.1526465185998893,LOW,,jduong@lbl.gov,pass,,2026-07-08 04:06:53.844185,rushes,,
(78)5699,peach pomace,p,,ppm,5110.0,4956.666666666667,133.16656236958792,3,1.1514402009400426,LOW,,jduong@lbl.gov,pass,,2026-07-08 04:06:53.844185,rushes,,
(78)7dd7,peach pomace,mo,,ppm,6.0,5.333333333333333,0.5773502691896258,3,1.154700538379252,LOW,,jduong@lbl.gov,pass,,2026-07-08 04:06:53.844185,rushes,,
(78)9049,peach pomace,sr,,ppm,19.0,19.666666666666668,0.5773502691896255,3,1.1547005383792541,LOW,,jduong@lbl.gov,pass,,2026-07-08 04:06:53.844185,rushes,,
(78)a804,peach pomace,fe,,ppm,306.0,301.0,4.58257569495584,3,1.091089451179962,LOW,,jduong@lbl.gov,pass,,2026-07-08 04:06:53.844185,rushes,,
(78)b9df,peach pomace,th,,ppm,44.0,39.333333333333336,4.509249752822894,3,1.0349097793364015,LOW,,jduong@lbl.gov,pass,,2026-07-08 04:06:53.844185,rushes,,
(78)bc48,peach pomace,mn,,ppm,75.0,70.66666666666667,3.7859388972001837,3,1.1445861782233093,LOW,,jduong@lbl.gov,pass,,2026-07-08 04:06:53.844185,rushes,,
(7e)12b9,almond branches,p,,ppm,448.0,798.2857142857143,323.7029061169693,7,1.0821210056085793,LOW,,jduong@lbl.gov,pass,,2026-07-08 04:06:53.844185,capstan,,
(7e)39c7,almond branches,sr,,ppm,83.0,92.42857142857143,9.052755434252102,7,1.0415139895304568,LOW,,jduong@lbl.gov,pass,,2026-07-08 04:06:53.844185,capstan,,
(7e)53b3,almond branches,sr,,ppm,83.0,92.42857142857143,9.052755434252102,7,1.0415139895304568,LOW,,jduong@lbl.gov,pass,,2026-07-08 04:06:53.844185,capstan,,
(7e)5fcb,almond branches,zn,,ppm,1130.0,507.0,582.933958523605,7,1.0687316991754436,LOW,,jduong@lbl.gov,pass,,2026-07-08 04:06:53.844185,capstan,,
(7e)6736,almond branches,u,,ppm,18.0,20.142857142857142,1.864454471471609,7,1.1493212495372929,LOW,,jduong@lbl.gov,pass,,2026-07-08 04:06:53.844185,capstan,,
(7e)71cd,almond branches,zn,,ppm,1110.0,507.0,582.933958523605,7,1.0344224953495866,LOW,,jduong@lbl.gov,pass,,2026-07-08 04:06:53.844185,capstan,,
(7e)7bd2,almond branches,s,,ppm,620.0,718.5714285714286,78.15125749224416,7,1.261290371190904,LOW,,jduong@lbl.gov,pass,,2026-07-08 04:06:53.844185,capstan,,
(7e)8e65,almond branches,k,,ppm,3240.0,3577.1428571428573,156.28118736370516,7,2.157283693770781,LOW,,jduong@lbl.gov,pass,,2026-07-08 04:06:53.844185,capstan,,
(7e)9e12,almond branches,mn,,ppm,77.0,97.42857142857143,17.793792390017583,7,1.1480729335715962,LOW,,jduong@lbl.gov,pass,,2026-07-08 04:06:53.844185,capstan,,
(7e)a14d,almond branches,u,,ppm,18.0,20.142857142857142,1.864454471471609,7,1.1493212495372929,LOW,,jduong@lbl.gov,pass,,2026-07-08 04:06:53.844185,capstan,,
(7e)d47e,almond branches,zn,,ppm,1150.0,507.0,582.933958523605,7,1.1030409030013006,LOW,,jduong@lbl.gov,pass,,2026-07-08 04:06:53.844185,capstan,,
(82)0268,grape pomace,sr,,ppm,14.0,33.53333333333333,10.45990075524256,15,1.8674492034298813,LOW,,jduong@lbl.gov,pass,,2026-07-08 04:06:53.844185,boatswain,,
(82)09bb,grape pomace,ca,,ppm,4300.0,6060.714285714285,1099.9333146619826,14,1.600746392753242,LOW,,jduong@lbl.gov,pass,,2026-07-08 04:06:53.844185,boatswain,,
(82)0a81,grape pomace,zn,,ppm,19.0,22.6,2.5014281634983764,15,1.4391778474922166,LOW,,jduong@lbl.gov,pass,,2026-07-08 04:06:53.844185,boatswain,,
(82)0fe9,grape pomace,p,,ppm,2510.0,2926.6666666666665,402.43307636473037,15,1.0353688380451016,LOW,,jduong@lbl.gov,pass,,2026-07-08 04:06:53.844185,boatswain,,
(82)20ae,grape pomace,s,,ppm,2060.0,2493.3333333333335,279.1227755120027,15,1.5524828905074408,LOW,,jduong@lbl.gov,pass,,2026-07-08 04:06:53.844185,boatswain,,
(82)2348,grape pomace,s,,ppm,1910.0,2493.3333333333335,279.1227755120027,15,2.0898808141446317,LOW,,jduong@lbl.gov,pass,,2026-07-08 04:06:53.844185,boatswain,,
(82)4450,grape pomace,th,,ppm,47.0,41.8,4.723799923185329,15,1.100808688885698,LOW,,jduong@lbl.gov,pass,,2026-07-08 04:06:53.844185,boatswain,,
(82)4507,grape pomace,th,,ppm,47.0,41.8,4.723799923185329,15,1.100808688885698,LOW,,jduong@lbl.gov,pass,,2026-07-08 04:06:53.844185,boatswain,,
(82)58a1,grape pomace,mn,,ppm,35.0,43.86666666666667,8.542888995003528,15,1.0379002550369678,LOW,,jduong@lbl.gov,pass,,2026-07-08 04:06:53.844185,boatswain,,
(82)68e4,grape pomace,zn,,ppm,20.0,22.6,2.5014281634983764,15,1.0394062231888233,LOW,,jduong@lbl.gov,pass,,2026-07-08 04:06:53.844185,boatswain,,
(82)6a18,grape pomace,sr,,ppm,15.0,33.53333333333333,10.45990075524256,15,1.7718460018891025,LOW,,jduong@lbl.gov,pass,,2026-07-08 04:06:53.844185,boatswain,,
(82)70b4,grape pomace,cu,,ppm,16.0,19.785714285714285,3.3553303500909952,14,1.128268721919324,LOW,,jduong@lbl.gov,pass,,2026-07-08 04:06:53.844185,boatswain,,
(82)8397,grape pomace,s,,ppm,2120.0,2493.3333333333335,279.1227755120027,15,1.3375237210525646,LOW,,jduong@lbl.gov,pass,,2026-07-08 04:06:53.844185,boatswain,,
(82)8eb7,grape pomace,ca,,ppm,4200.0,6060.714285714285,1099.9333146619826,14,1.6916609951814179,LOW,,jduong@lbl.gov,pass,,2026-07-08 04:06:53.844185,boatswain,,
(82)928f,grape pomace,mn,,ppm,32.0,43.86666666666667,8.542888995003528,15,1.389069514260002,LOW,,jduong@lbl.gov,pass,,2026-07-08 04:06:53.844185,boatswain,,
(82)9420,grape pomace,p,,ppm,2410.0,2926.6666666666665,402.43307636473037,15,1.2838573591759261,LOW,,jduong@lbl.gov,pass,,2026-07-08 04:06:53.844185,boatswain,,
(82)953e,grape pomace,cu,,ppm,15.0,19.785714285714285,3.3553303500909952,14,1.426301969218768,LOW,,jduong@lbl.gov,pass,,2026-07-08 04:06:53.844185,boatswain,,
(82)bcc5,grape pomace,zn,,ppm,19.0,22.6,2.5014281634983764,15,1.4391778474922166,LOW,,jduong@lbl.gov,pass,,2026-07-08 04:06:53.844185,boatswain,,
(82)c77d,grape pomace,p,,ppm,2420.0,2926.6666666666665,402.43307636473037,15,1.2590085070628436,LOW,,jduong@lbl.gov,pass,,2026-07-08 04:06:53.844185,boatswain,,
(82)cb28,grape pomace,mo,,ppm,3.0,5.142857142857143,1.5735915849388862,7,1.3617619485048058,LOW,,jduong@lbl.gov,pass,,2026-07-08 04:06:53.844185,boatswain,,
(82)de29,grape pomace,sr,,ppm,17.0,33.53333333333333,10.45990075524256,15,1.5806395988075446,LOW,,jduong@lbl.gov,pass,,2026-07-08 04:06:53.844185,boatswain,,
(82)f3b0,grape pomace,mn,,ppm,35.0,43.86666666666667,8.542888995003528,15,1.0379002550369678,LOW,,jduong@lbl.gov,pass,,2026-07-08 04:06:53.844185,boatswain,,
(86)0d90,almond hulls,k,,ppm,37600.0,32370.58823529412,4798.536848077019,17,1.0897929786246263,LOW,,jduong@lbl.gov,pass,,2026-07-08 04:06:53.844185,humorous,,
(86)4418,almond hulls,u,,ppm,10.0,13.058823529411764,2.6332154354347397,17,1.1616305632458659,LOW,,jduong@lbl.gov,pass,,2026-07-08 04:06:53.844185,humorous,,
(86)8027,almond hulls,u,,ppm,10.0,13.058823529411764,2.6332154354347397,17,1.1616305632458659,LOW,,jduong@lbl.gov,pass,,2026-07-08 04:06:53.844185,humorous,,
(86)d082,almond hulls,k,,ppm,37400.0,32370.58823529412,4798.536848077019,17,1.0481136071136732,LOW,,jduong@lbl.gov,pass,,2026-07-08 04:06:53.844185,humorous,,
(86)ea8b,almond hulls,pr,,ppm,173.0,90.66666666666667,47.783365306349026,9,1.723054305729145,LOW,,jduong@lbl.gov,pass,,2026-07-08 04:06:53.844185,humorous,,
(86)ed15,almond hulls,k,,ppm,37200.0,32370.58823529412,4798.536848077019,17,1.00643423560272,LOW,,jduong@lbl.gov,pass,,2026-07-08 04:06:53.844185,humorous,,
(87)1c44,grape stem,u,,ppm,10.0,11.666666666666666,1.5275252316519468,3,1.0910894511799614,LOW,,jduong@lbl.gov,pass,,2026-07-08 04:06:53.844185,rigging,,
(87)1e71,grape stem,mg,,ppm,6170.0,5170.0,898.6656775464388,3,1.112760868680583,LOW,,jduong@lbl.gov,pass,,2026-07-08 04:06:53.844185,rigging,,
(87)2fc0,grape stem,cu,,ppm,24.0,22.0,1.7320508075688772,3,1.1547005383792517,LOW,,jduong@lbl.gov,pass,,2026-07-08 04:06:53.844185,rigging,,
(87)3610,grape stem,si,,ppm,1200.0,1323.3333333333333,109.69655114602891,3,1.1243136821061126,LOW,,jduong@lbl.gov,pass,,2026-07-08 04:06:53.844185,rigging,,
(87)3bed,grape stem,ba,,ppm,48.0,38.666666666666664,8.32666399786453,3,1.1208970766356103,LOW,,jduong@lbl.gov,pass,,2026-07-08 04:06:53.844185,rigging,,
(87)3d63,grape stem,k,,ppm,18500.0,19266.666666666668,665.8328118479391,3,1.1514402009400475,LOW,,jduong@lbl.gov,pass,,2026-07-08 04:06:53.844185,rigging,,
(87)5187,grape stem,s,,ppm,940.0,965.3333333333334,22.030282189144398,3,1.1499323120707268,LOW,,jduong@lbl.gov,pass,,2026-07-08 04:06:53.844185,rigging,,
(87)799b,grape stem,sr,,ppm,69.0,67.33333333333333,1.5275252316519452,3,1.091089451179966,LOW,,jduong@lbl.gov,pass,,2026-07-08 04:06:53.844185,rigging,,
(87)a292,grape stem,mn,,ppm,105.0,116.66666666666667,10.115993936995677,3,1.1532892110581399,LOW,,jduong@lbl.gov,pass,,2026-07-08 04:06:53.844185,rigging,,
(87)c584,grape stem,ca,,ppm,7770.0,8053.333333333333,245.42480178933275,3,1.1544608827943157,LOW,,jduong@lbl.gov,pass,,2026-07-08 04:06:53.844185,rigging,,
(87)d7e5,grape stem,rb,,ppm,33.0,33.666666666666664,0.5773502691896247,3,1.1547005383792495,LOW,,jduong@lbl.gov,pass,,2026-07-08 04:06:53.844185,rigging,,
(87)db78,grape stem,fe,,ppm,81.0,76.66666666666667,4.041451884327382,3,1.0722219284950176,LOW,,jduong@lbl.gov,pass,,2026-07-08 04:06:53.844185,rigging,,
(87)f6d3,grape stem,th,,ppm,36.0,32.666666666666664,2.88675134594813,3,1.154700538379252,LOW,,jduong@lbl.gov,pass,,2026-07-08 04:06:53.844185,rigging,,
(8f)08fc,peach screening waste,u,,ppm,19.0,16.0,2.6457513110645907,3,1.1338934190276817,LOW,,jduong@lbl.gov,pass,,2026-07-08 04:06:53.844185,rushes,,
(8f)329a,peach screening waste,mo,,ppm,5.0,6.666666666666667,1.5275252316519465,3,1.0910894511799623,LOW,,jduong@lbl.gov,pass,,2026-07-08 04:06:53.844185,rushes,,
(8f)3ba3,peach screening waste,ba,,ppm,28.0,32.666666666666664,4.163331998932266,3,1.1208970766356092,LOW,,jduong@lbl.gov,pass,,2026-07-08 04:06:53.844185,rushes,,
(8f)49ee,peach screening waste,cu,,ppm,50.0,45.333333333333336,4.041451884327381,3,1.1547005383792508,LOW,,jduong@lbl.gov,pass,,2026-07-08 04:06:53.844185,rushes,,
(8f)5993,peach screening waste,rb,,ppm,11.0,11.666666666666666,0.5773502691896255,3,1.154700538379251,LOW,,jduong@lbl.gov,pass,,2026-07-08 04:06:53.844185,rushes,,
(8f)69f7,peach screening waste,p,,ppm,3760.0,4046.6666666666665,250.06665778014738,3,1.1463610111456641,LOW,,jduong@lbl.gov,pass,,2026-07-08 04:06:53.844185,rushes,,
(8f)7d32,peach screening waste,al,,ppm,3220.0,3150.0,60.8276253029822,3,1.150792911137501,LOW,,jduong@lbl.gov,pass,,2026-07-08 04:06:53.844185,rushes,,
(8f)984d,peach screening waste,ca,,ppm,5380.0,5310.0,65.57438524302,3,1.0674899923282326,LOW,,jduong@lbl.gov,pass,,2026-07-08 04:06:53.844185,rushes,,
(8f)9f30,peach screening waste,mn,,ppm,99.0,83.0,14.422205101855956,3,1.1094003924504583,LOW,,jduong@lbl.gov,pass,,2026-07-08 04:06:53.844185,rushes,,
(8f)a6d1,peach screening waste,th,,ppm,54.0,54.666666666666664,0.5773502691896263,3,1.1547005383792464,LOW,,jduong@lbl.gov,pass,,2026-07-08 04:06:53.844185,rushes,,
(8f)d2f3,peach screening waste,k,,ppm,60800.0,61766.666666666664,850.4900548115372,3,1.1365996124209483,LOW,,jduong@lbl.gov,pass,,2026-07-08 04:06:53.844185,rushes,,
(8f)ea5f,peach screening waste,s,,ppm,2420.0,2313.3333333333335,94.5163125250521,3,1.1285529853737564,LOW,,jduong@lbl.gov,pass,,2026-07-08 04:06:53.844185,rushes,,
(8f)f7a9,peach screening waste,fe,,ppm,2770.0,2790.0,17.320508075688775,3,1.1547005383792515,LOW,,jduong@lbl.gov,pass,,2026-07-08 04:06:53.844185,rushes,,
(8f)fcda,peach screening waste,zn,,ppm,62.0,63.666666666666664,1.5275252316519456,3,1.0910894511799611,LOW,,jduong@lbl.gov,pass,,2026-07-08 04:06:53.844185,rushes,,
(8f)fdda,peach screening waste,si,,ppm,2100.0,2023.3333333333333,66.58328118479396,3,1.151440200940046,LOW,,jduong@lbl.gov,pass,,2026-07-08 04:06:53.844185,rushes,,
(91)0593,cotton stem mix,al,,ppm,1890.0,2950.8333333333335,875.6032552509502,12,1.2115456709092476,LOW,,jduong@lbl.gov,pass,,2026-07-08 04:06:53.844185,schooner,,
(91)0d4e,cotton stem mix,p,,ppm,2230.0,1727.5,374.0958797858208,12,1.34323853095547,LOW,,jduong@lbl.gov,pass,,2026-07-08 04:06:53.844185,schooner,,
(91)1941,cotton stem mix,rb,,ppm,15.0,19.5,3.1188575997106254,12,1.4428359923894956,LOW,,jduong@lbl.gov,pass,,2026-07-08 04:06:53.844185,schooner,,
(91)24e4,cotton stem mix,s,,ppm,5620.0,4607.5,533.4131095638215,12,1.8981535733681794,LOW,,jduong@lbl.gov,pass,,2026-07-08 04:06:53.844185,schooner,,
(91)5d86,cotton stem mix,rb,,ppm,16.0,19.5,3.1188575997106254,12,1.1222057718584966,LOW,,jduong@lbl.gov,pass,,2026-07-08 04:06:53.844185,schooner,,
(91)6c24,cotton stem mix,ca,,ppm,24100.0,19483.333333333332,2881.5505085514865,12,1.60214670989314,LOW,,jduong@lbl.gov,pass,,2026-07-08 04:06:53.844185,schooner,,
(91)7a37,cotton stem mix,fe,,ppm,860.0,1486.25,543.5442818792562,12,1.1521600371450806,LOW,,jduong@lbl.gov,pass,,2026-07-08 04:06:53.844185,schooner,,
(91)98bb,cotton stem mix,p,,ppm,2190.0,1727.5,374.0958797858208,12,1.23631407077991,LOW,,jduong@lbl.gov,pass,,2026-07-08 04:06:53.844185,schooner,,
(91)a060,cotton stem mix,p,,ppm,2180.0,1727.5,374.0958797858208,12,1.2095829557360203,LOW,,jduong@lbl.gov,pass,,2026-07-08 04:06:53.844185,schooner,,
(91)a4bb,cotton stem mix,al,,ppm,2060.0,2950.8333333333335,875.6032552509502,12,1.01739381162764,LOW,,jduong@lbl.gov,pass,,2026-07-08 04:06:53.844185,schooner,,
(91)b448,cotton stem mix,s,,ppm,5580.0,4607.5,533.4131095638215,12,1.8231647902227697,LOW,,jduong@lbl.gov,pass,,2026-07-08 04:06:53.844185,schooner,,
(91)b73b,cotton stem mix,fe,,ppm,867.0,1486.25,543.5442818792562,12,1.1392816016001455,LOW,,jduong@lbl.gov,pass,,2026-07-08 04:06:53.844185,schooner,,
(91)cfd4,cotton stem mix,rb,,ppm,16.0,19.5,3.1188575997106254,12,1.1222057718584966,LOW,,jduong@lbl.gov,pass,,2026-07-08 04:06:53.844185,schooner,,
(91)e8df,cotton stem mix,zn,,ppm,22.0,24.333333333333332,2.188122205883113,12,1.0663633534999992,LOW,,jduong@lbl.gov,pass,,2026-07-08 04:06:53.844185,schooner,,
(91)e940,cotton stem mix,cu,,ppm,20.0,15.166666666666666,2.124888588879783,12,2.274629059908224,LOW,,jduong@lbl.gov,pass,,2026-07-08 04:06:53.844185,schooner,,
(91)e95b,cotton stem mix,fe,,ppm,868.0,1486.25,543.5442818792562,12,1.1374418250937262,LOW,,jduong@lbl.gov,pass,,2026-07-08 04:06:53.844185,schooner,,
(91)eb41,cotton stem mix,u,,ppm,17.0,20.75,1.8647446815241835,12,2.0109991663496087,LOW,,jduong@lbl.gov,pass,,2026-07-08 04:06:53.844185,schooner,,
(91)efc0,cotton stem mix,ca,,ppm,24300.0,19483.333333333332,2881.5505085514865,12,1.671553787578041,LOW,,jduong@lbl.gov,pass,,2026-07-08 04:06:53.844185,schooner,,
(91)f07e,cotton stem mix,mg,,ppm,6880.0,8881.818181818182,1587.2795480432437,11,1.2611629654561924,LOW,,jduong@lbl.gov,pass,,2026-07-08 04:06:53.844185,schooner,,
(96)0792,rice hulls,sr,,ppm,5.0,3.6666666666666665,1.1547005383792515,3,1.1547005383792517,LOW,,jduong@lbl.gov,pass,,2026-07-08 04:06:53.844185,sextant,,
(96)56ef,rice hulls,fe,,ppm,160.0,166.66666666666666,6.506407098647715,3,1.0246310391571178,LOW,,jduong@lbl.gov,pass,,2026-07-08 04:06:53.844185,sextant,,
(96)5f1d,rice hulls,k,,ppm,8210.0,7936.666666666667,237.55701070129115,3,1.1506009968993411,LOW,,jduong@lbl.gov,pass,,2026-07-08 04:06:53.844185,sextant,,
(96)8280,rice hulls,cu,,ppm,6.0,8.666666666666666,2.5166114784235836,3,1.0596258856520346,LOW,,jduong@lbl.gov,pass,,2026-07-08 04:06:53.844185,sextant,,
(96)98cb,rice hulls,mn,,ppm,382.0,393.3333333333333,10.016652800877806,3,1.131449153587526,LOW,,jduong@lbl.gov,pass,,2026-07-08 04:06:53.844185,sextant,,
(96)bae6,rice hulls,si,,ppm,152000.0,157666.66666666666,4932.88286231625,3,1.1487535432791236,LOW,,jduong@lbl.gov,pass,,2026-07-08 04:06:53.844185,sextant,,
(96)ccf6,rice hulls,p,,ppm,1060.0,941.0,103.20368210485515,3,1.1530596348209337,LOW,,jduong@lbl.gov,pass,,2026-07-08 04:06:53.844185,sextant,,
(96)e05d,rice hulls,ca,,ppm,1210.0,1173.3333333333333,32.145502536643214,3,1.140646864203469,LOW,,jduong@lbl.gov,pass,,2026-07-08 04:06:53.844185,sextant,,
(96)f1e5,rice hulls,s,,ppm,651.0,711.6666666666666,56.58032638058331,3,1.072221928495019,LOW,,jduong@lbl.gov,pass,,2026-07-08 04:06:53.844185,sextant,,
(99)0a89,almond shells,la,,ppm,0.0,32.0,22.045407685048602,7,1.4515494772048463,LOW,,xkang2@lbl.gov,provisional,,2026-07-08 04:06:53.844185,vibrant,,
(99)1c59,almond shells,si,,ppm,19200.0,5504.285714285715,4888.719691266848,14,2.8014930596614387,LOW,,xkang2@lbl.gov,provisional,,2026-07-08 04:06:53.844185,vibrant,,
(99)419d,almond shells,ba,,ppm,0.0,23.7,13.515834335244636,10,1.7534988526900313,LOW,,xkang2@lbl.gov,provisional,,2026-07-08 04:06:53.844185,vibrant,,
(99)4e1c,almond shells,mo,,ppm,0.0,3.0,2.7386127875258306,5,1.0954451150103321,LOW,,xkang2@lbl.gov,provisional,,2026-07-08 04:06:53.844185,vibrant,,
(99)5025,almond shells,ti,,ppm,382.0,246.125,100.35001245640181,8,1.3540107935615098,LOW,,xkang2@lbl.gov,provisional,,2026-07-08 04:06:53.844185,vibrant,,
(99)7d3d,almond shells,cu,,ppm,14.0,11.642857142857142,1.984832597364433,14,1.1875776628582169,LOW,,xkang2@lbl.gov,provisional,,2026-07-08 04:06:53.844185,vibrant,,
(99)9b2d,almond shells,zn,,ppm,28.0,15.928571428571429,5.283709153386702,14,2.2846504644736436,LOW,,xkang2@lbl.gov,provisional,,2026-07-08 04:06:53.844185,vibrant,,
(99)a550,almond shells,al,,ppm,6290.0,2495.4285714285716,2129.8997517209473,7,1.7815727831816666,LOW,,xkang2@lbl.gov,provisional,,2026-07-08 04:06:53.844185,vibrant,,
(99)b2d7,almond shells,k,,ppm,19500.0,28614.285714285714,8511.42735411609,14,1.0708292904454015,LOW,,xkang2@lbl.gov,provisional,,2026-07-08 04:06:53.844185,vibrant,,
(99)c0f7,almond shells,th,,ppm,64.0,50.5,11.837034451896498,14,1.1404883592137443,LOW,,xkang2@lbl.gov,provisional,,2026-07-08 04:06:53.844185,vibrant,,
(99)d794,almond shells,fe,,ppm,822.0,408.85714285714283,236.96830594401868,14,1.7434519586786341,LOW,,xkang2@lbl.gov,provisional,,2026-07-08 04:06:53.844185,vibrant,,
(99)e65f,almond shells,u,,ppm,20.0,15.285714285714286,2.8670159085328106,14,1.644317947540877,LOW,,xkang2@lbl.gov,provisional,,2026-07-08 04:06:53.844185,vibrant,,
(a0)0699,olive stems / leaves,k,,ppm,13900.0,13833.333333333334,57.73502691896271,3,1.1547005383792384,LOW,,jduong@lbl.gov,pass,,2026-07-08 04:06:53.844185,excellent,,
(a0)30dd,olive stems / leaves,cu,,ppm,87.0,89.33333333333333,2.081665999466134,3,1.120897076635607,LOW,,jduong@lbl.gov,pass,,2026-07-08 04:06:53.844185,excellent,,
(a0)33b6,olive stems / leaves,p,,ppm,1560.0,1540.0,17.320508075688775,3,1.1547005383792515,LOW,,jduong@lbl.gov,pass,,2026-07-08 04:06:53.844185,excellent,,
(a0)5627,olive stems / leaves,ce,,ppm,76.0,67.66666666666667,7.234178138070236,3,1.1519391939602277,LOW,,jduong@lbl.gov,pass,,2026-07-08 04:06:53.844185,excellent,,
(a0)5a5f,olive stems / leaves,fe,,ppm,208.0,208.66666666666666,0.5773502691896278,3,1.154700538379231,LOW,,jduong@lbl.gov,pass,,2026-07-08 04:06:53.844185,excellent,,
(a0)6f72,olive stems / leaves,ca,,ppm,6490.0,6810.0,277.308492477241,3,1.15394951355939,LOW,,jduong@lbl.gov,pass,,2026-07-08 04:06:53.844185,excellent,,
(a0)7843,olive stems / leaves,zn,,ppm,29.0,31.666666666666668,2.5166114784235836,3,1.0596258856520353,LOW,,jduong@lbl.gov,pass,,2026-07-08 04:06:53.844185,excellent,,
(a0)8087,olive stems / leaves,ti,,ppm,162.0,157.0,4.58257569495584,3,1.091089451179962,LOW,,jduong@lbl.gov,pass,,2026-07-08 04:06:53.844185,excellent,,
(a0)85c6,olive stems / leaves,si,,ppm,1850.0,1630.0,191.57244060668017,3,1.1483906521381373,LOW,,jduong@lbl.gov,pass,,2026-07-08 04:06:53.844185,excellent,,
(a0)904b,olive stems / leaves,u,,ppm,14.0,13.333333333333334,0.5773502691896255,3,1.154700538379251,LOW,,jduong@lbl.gov,pass,,2026-07-08 04:06:53.844185,excellent,,
(a0)a1f6,olive stems / leaves,th,,ppm,39.0,39.666666666666664,0.5773502691896263,3,1.1547005383792464,LOW,,jduong@lbl.gov,pass,,2026-07-08 04:06:53.844185,excellent,,
(a0)ad97,olive stems / leaves,sr,,ppm,33.0,33.666666666666664,0.5773502691896247,3,1.1547005383792495,LOW,,jduong@lbl.gov,pass,,2026-07-08 04:06:53.844185,excellent,,
(a0)ae85,olive stems / leaves,s,,ppm,1120.0,1183.3333333333333,55.07570547286099,3,1.1499323120707239,LOW,,jduong@lbl.gov,pass,,2026-07-08 04:06:53.844185,excellent,,
(a0)c9e0,olive stems / leaves,mg,,ppm,3610.0,4176.666666666667,529.9371031861547,3,1.0693092883281472,LOW,,jduong@lbl.gov,pass,,2026-07-08 04:06:53.844185,excellent,,
(a0)e544,olive stems / leaves,mn,,ppm,21.0,34.666666666666664,12.096831541082704,3,1.129772421832325,LOW,,jduong@lbl.gov,pass,,2026-07-08 04:06:53.844185,excellent,,
(a2)002d,almond shells,cu,,ppm,14.0,11.642857142857142,1.984832597364433,14,1.1875776628582169,LOW,,jduong@lbl.gov,pass,,2026-07-08 04:06:53.844185,tiny,,
(a2)1bf3,almond shells,k,,ppm,40600.0,28614.285714285714,8511.42735411609,14,1.4081908694101757,LOW,,jduong@lbl.gov,pass,,2026-07-08 04:06:53.844185,tiny,,
(a2)1e20,almond shells,k,,ppm,40500.0,28614.285714285714,8511.42735411609,14,1.3964419586999597,LOW,,jduong@lbl.gov,pass,,2026-07-08 04:06:53.844185,tiny,,
(a2)26f5,almond shells,p,,ppm,1320.0,839.3571428571429,300.65456978012213,14,1.5986547535078741,LOW,,jduong@lbl.gov,pass,,2026-07-08 04:06:53.844185,tiny,,
(a2)3726,almond shells,mn,,ppm,48.0,39.285714285714285,7.032108464077432,14,1.239213780447423,LOW,,jduong@lbl.gov,pass,,2026-07-08 04:06:53.844185,tiny,,
(a2)7349,almond shells,k,,ppm,39400.0,28614.285714285714,8511.42735411609,14,1.2672039408875835,LOW,,jduong@lbl.gov,pass,,2026-07-08 04:06:53.844185,tiny,,
(a2)761b,almond shells,p,,ppm,1410.0,839.3571428571429,300.65456978012213,14,1.8980016088236598,LOW,,jduong@lbl.gov,pass,,2026-07-08 04:06:53.844185,tiny,,
(a2)91a0,almond shells,s,,ppm,610.0,484.14285714285717,100.20352914317564,14,1.2560150718575198,LOW,,jduong@lbl.gov,pass,,2026-07-08 04:06:53.844185,tiny,,
(a2)9b59,almond shells,s,,ppm,587.0,484.14285714285717,100.20352914317564,14,1.0264822380674394,LOW,,jduong@lbl.gov,pass,,2026-07-08 04:06:53.844185,tiny,,
(a2)bf24,almond shells,p,,ppm,1330.0,839.3571428571429,300.65456978012213,14,1.631915515209628,LOW,,jduong@lbl.gov,pass,,2026-07-08 04:06:53.844185,tiny,,
(a2)e84e,almond shells,s,,ppm,598.0,484.14285714285717,100.20352914317564,14,1.1362588107496518,LOW,,jduong@lbl.gov,pass,,2026-07-08 04:06:53.844185,tiny,,
(a4)1086,cotton stem mix,al,,ppm,4190.0,2950.8333333333335,875.6032552509502,12,1.4152147781948552,LOW,,jduong@lbl.gov,pass,,2026-07-08 04:06:53.844185,schooner,,
(a4)1e79,cotton stem mix,rb,,ppm,23.0,19.5,3.1188575997106254,12,1.1222057718584966,LOW,,jduong@lbl.gov,pass,,2026-07-08 04:06:53.844185,schooner,,
(a4)24cb,cotton stem mix,zn,,ppm,28.0,24.333333333333332,2.188122205883113,12,1.6757138412142858,LOW,,jduong@lbl.gov,pass,,2026-07-08 04:06:53.844185,schooner,,
(a4)2a66,cotton stem mix,k,,ppm,36200.0,28175.0,7662.793817590885,12,1.0472681623740974,LOW,,jduong@lbl.gov,pass,,2026-07-08 04:06:53.844185,schooner,,
(a4)3408,cotton stem mix,mg,,ppm,10500.0,8881.818181818182,1587.2795480432437,11,1.0194687005050054,LOW,,jduong@lbl.gov,pass,,2026-07-08 04:06:53.844185,schooner,,
(a4)356e,cotton stem mix,si,,ppm,12600.0,8540.0,2881.533682544135,12,1.4089719043004159,LOW,,jduong@lbl.gov,pass,,2026-07-08 04:06:53.844185,schooner,,
(a4)4252,cotton stem mix,k,,ppm,36400.0,28175.0,7662.793817590885,12,1.0733683034924548,LOW,,jduong@lbl.gov,pass,,2026-07-08 04:06:53.844185,schooner,,
(a4)4664,cotton stem mix,rb,,ppm,23.0,19.5,3.1188575997106254,12,1.1222057718584966,LOW,,jduong@lbl.gov,pass,,2026-07-08 04:06:53.844185,schooner,,
(a4)5fda,cotton stem mix,mn,,ppm,90.0,66.75,16.890691357829454,12,1.3764978299258765,LOW,,jduong@lbl.gov,pass,,2026-07-08 04:06:53.844185,schooner,,
(a4)6a3b,cotton stem mix,th,,ppm,53.0,61.916666666666664,5.930787673171448,12,1.5034540364684035,LOW,,jduong@lbl.gov,pass,,2026-07-08 04:06:53.844185,schooner,,
(a4)6fbc,cotton stem mix,sr,,ppm,106.0,84.25,20.42336006546514,12,1.0649569870130302,LOW,,jduong@lbl.gov,pass,,2026-07-08 04:06:53.844185,schooner,,
(a4)71f8,cotton stem mix,ce,,ppm,41.0,47.4,5.128352561983234,5,1.2479641215472506,LOW,,jduong@lbl.gov,pass,,2026-07-08 04:06:53.844185,schooner,,
(a4)8afa,cotton stem mix,mn,,ppm,89.0,66.75,16.890691357829454,12,1.3172936221871292,LOW,,jduong@lbl.gov,pass,,2026-07-08 04:06:53.844185,schooner,,
(a4)8be4,cotton stem mix,sr,,ppm,108.0,84.25,20.42336006546514,12,1.1628840662785962,LOW,,jduong@lbl.gov,pass,,2026-07-08 04:06:53.844185,schooner,,
(a4)92ee,cotton stem mix,fe,,ppm,2240.0,1486.25,543.5442818792562,12,1.3867315417135402,LOW,,jduong@lbl.gov,pass,,2026-07-08 04:06:53.844185,schooner,,
(a4)98bd,cotton stem mix,ti,,ppm,413.0,289.3333333333333,61.302528495976404,9,2.017317551180349,LOW,,jduong@lbl.gov,pass,,2026-07-08 04:06:53.844185,schooner,,
(a4)9dea,cotton stem mix,ba,,ppm,39.0,27.5,7.982936347439627,12,1.4405726789602178,LOW,,jduong@lbl.gov,pass,,2026-07-08 04:06:53.844185,schooner,,
(a4)ae74,cotton stem mix,si,,ppm,13700.0,8540.0,2881.533682544135,12,1.790713060637967,LOW,,jduong@lbl.gov,pass,,2026-07-08 04:06:53.844185,schooner,,
(a4)b186,cotton stem mix,cu,,ppm,13.0,15.166666666666666,2.124888588879783,12,1.0196613027174795,LOW,,jduong@lbl.gov,pass,,2026-07-08 04:06:53.844185,schooner,,
(a4)b44f,cotton stem mix,zn,,ppm,21.0,24.333333333333332,2.188122205883113,12,1.5233762192857134,LOW,,jduong@lbl.gov,pass,,2026-07-08 04:06:53.844185,schooner,,
(a4)b5c5,cotton stem mix,mn,,ppm,94.0,66.75,16.890691357829454,12,1.6133146608808662,LOW,,jduong@lbl.gov,pass,,2026-07-08 04:06:53.844185,schooner,,
(a4)b84a,cotton stem mix,y,,ppm,7.0,8.333333333333334,1.1547005383792515,3,1.1547005383792521,LOW,,jduong@lbl.gov,pass,,2026-07-08 04:06:53.844185,schooner,,
(a4)be17,cotton stem mix,al,,ppm,3950.0,2950.8333333333335,875.6032552509502,12,1.1411180356796444,LOW,,jduong@lbl.gov,pass,,2026-07-08 04:06:53.844185,schooner,,
(a4)be2e,cotton stem mix,fe,,ppm,2180.0,1486.25,543.5442818792562,12,1.2763449513283827,LOW,,jduong@lbl.gov,pass,,2026-07-08 04:06:53.844185,schooner,,
(a4)c254,cotton stem mix,th,,ppm,50.0,61.916666666666664,5.930787673171448,12,2.0092890393923524,LOW,,jduong@lbl.gov,pass,,2026-07-08 04:06:53.844185,schooner,,
(a4)ca06,cotton stem mix,fe,,ppm,2230.0,1486.25,543.5442818792562,12,1.368333776649347,LOW,,jduong@lbl.gov,pass,,2026-07-08 04:06:53.844185,schooner,,
(a4)de19,cotton stem mix,al,,ppm,4570.0,2950.8333333333335,875.6032552509502,12,1.849201287177272,LOW,,jduong@lbl.gov,pass,,2026-07-08 04:06:53.844185,schooner,,
(a4)e3a7,cotton stem mix,k,,ppm,36200.0,28175.0,7662.793817590885,12,1.0472681623740974,LOW,,jduong@lbl.gov,pass,,2026-07-08 04:06:53.844185,schooner,,
(a4)e3ab,cotton stem mix,si,,ppm,13400.0,8540.0,2881.533682544135,12,1.6866018361822712,LOW,,jduong@lbl.gov,pass,,2026-07-08 04:06:53.844185,schooner,,
(a5)1efe,almond shells,sr,,ppm,40.0,26.285714285714285,10.223867787069262,14,1.3413989695397857,LOW,,jduong@lbl.gov,pass,,2026-07-08 04:06:53.844185,humorous,,
(a5)6f21,almond shells,sr,,ppm,38.0,26.285714285714285,10.223867787069262,14,1.1457782864819002,LOW,,jduong@lbl.gov,pass,,2026-07-08 04:06:53.844185,humorous,,
(a5)757a,almond shells,s,,ppm,590.0,484.14285714285717,100.20352914317564,14,1.0564213033444065,LOW,,jduong@lbl.gov,pass,,2026-07-08 04:06:53.844185,humorous,,
(a5)9997,almond shells,sr,,ppm,38.0,26.285714285714285,10.223867787069262,14,1.1457782864819002,LOW,,jduong@lbl.gov,pass,,2026-07-08 04:06:53.844185,humorous,,
(a5)9e3f,almond shells,rb,,ppm,27.0,18.071428571428573,7.508603124358145,14,1.1891121798150257,LOW,,jduong@lbl.gov,pass,,2026-07-08 04:06:53.844185,humorous,,
(a5)a87e,almond shells,mn,,ppm,47.0,39.285714285714285,7.032108464077432,14,1.0970089203960793,LOW,,jduong@lbl.gov,pass,,2026-07-08 04:06:53.844185,humorous,,
(a5)acb5,almond shells,rb,,ppm,27.0,18.071428571428573,7.508603124358145,14,1.1891121798150257,LOW,,jduong@lbl.gov,pass,,2026-07-08 04:06:53.844185,humorous,,
(a5)c629,almond shells,rb,,ppm,28.0,18.071428571428573,7.508603124358145,14,1.3222927439543086,LOW,,jduong@lbl.gov,pass,,2026-07-08 04:06:53.844185,humorous,,
(a5)cc51,almond shells,ba,,ppm,39.0,23.7,13.515834335244636,10,1.1320055884454634,LOW,,jduong@lbl.gov,pass,,2026-07-08 04:06:53.844185,humorous,,
(a5)f79c,almond shells,cu,,ppm,14.0,11.642857142857142,1.984832597364433,14,1.1875776628582169,LOW,,jduong@lbl.gov,pass,,2026-07-08 04:06:53.844185,humorous,,
(a5)fcd1,almond shells,co,,ppm,11.0,3.6666666666666665,6.3508529610858835,3,1.1547005383792517,LOW,,jduong@lbl.gov,pass,,2026-07-08 04:06:53.844185,humorous,,
(a8)0739,almond hulls,ce,,ppm,73.0,53.0,10.447145885018413,8,1.914398460605468,LOW,,jduong@lbl.gov,pass,,2026-07-08 04:06:53.844185,humorous,,
(a8)0d58,almond hulls,cu,,ppm,8.0,10.647058823529411,2.289682741958704,17,1.1560810478332866,LOW,,jduong@lbl.gov,pass,,2026-07-08 04:06:53.844185,humorous,,
(a8)45bc,almond hulls,s,,ppm,217.0,285.47058823529414,62.70278866113016,17,1.091986332622866,LOW,,jduong@lbl.gov,pass,,2026-07-08 04:06:53.844185,humorous,,
(b3)3a02,almond hulls,s,,ppm,377.0,285.47058823529414,62.70278866113016,17,1.4597343071831428,LOW,,jduong@lbl.gov,pass,,2026-07-08 04:06:53.844185,capstan,,
(b3)5795,almond hulls,cu,,ppm,8.0,10.647058823529411,2.289682741958704,17,1.1560810478332866,LOW,,jduong@lbl.gov,pass,,2026-07-08 04:06:53.844185,capstan,,
(b3)6547,almond hulls,mn,,ppm,53.0,36.1764705882353,10.898596779618277,17,1.5436417872828163,LOW,,jduong@lbl.gov,pass,,2026-07-08 04:06:53.844185,capstan,,
(b3)ff54,almond hulls,ti,,ppm,173.0,227.0,51.264022471905186,8,1.0533703247651751,LOW,,jduong@lbl.gov,pass,,2026-07-08 04:06:53.844185,capstan,,
(b5)0654,almond branches,mn,,ppm,130.0,97.42857142857143,17.793792390017583,7,1.8304939080721951,LOW,,xkang2@lbl.gov,provisional,,2026-07-08 04:06:53.844185,vibrant,,
(b5)0aed,almond branches,ba,,ppm,0.0,29.285714285714285,14.522560445898026,7,2.0165668715798795,LOW,,xkang2@lbl.gov,provisional,,2026-07-08 04:06:53.844185,vibrant,,
(b5)15e4,almond branches,pb,,ppm,0.0,2.0,1.7320508075688772,3,1.1547005383792517,LOW,,xkang2@lbl.gov,provisional,,2026-07-08 04:06:53.844185,vibrant,,
(b5)33d6,almond branches,si,,ppm,15300.0,5800.0,4190.373889443916,7,2.2671008007022255,LOW,,xkang2@lbl.gov,provisional,,2026-07-08 04:06:53.844185,vibrant,,
(b5)3c39,almond branches,ti,,ppm,451.0,279.6666666666667,148.9474180149939,3,1.1502940810701796,LOW,,xkang2@lbl.gov,provisional,,2026-07-08 04:06:53.844185,vibrant,,
(b5)5294,almond branches,pr,,ppm,46.0,68.0,18.036999011291577,4,1.2197150970750452,LOW,,xkang2@lbl.gov,provisional,,2026-07-08 04:06:53.844185,vibrant,,
(b5)561e,almond branches,u,,ppm,23.0,20.142857142857142,1.864454471471609,7,1.532428332716391,LOW,,xkang2@lbl.gov,provisional,,2026-07-08 04:06:53.844185,vibrant,,
(b5)72a9,almond branches,la,,ppm,26.0,31.666666666666668,5.131601439446885,3,1.1042686641847725,LOW,,xkang2@lbl.gov,provisional,,2026-07-08 04:06:53.844185,vibrant,,
(b5)79c1,almond branches,fe,,ppm,1030.0,517.8571428571429,246.13507712326617,7,2.0807390118003064,LOW,,xkang2@lbl.gov,provisional,,2026-07-08 04:06:53.844185,vibrant,,
(b5)9018,almond branches,cu,,ppm,65.0,51.0,6.608075867199667,7,2.1186197436823377,LOW,,xkang2@lbl.gov,provisional,,2026-07-08 04:06:53.844185,vibrant,,
(b5)9dc6,almond branches,ce,,ppm,0.0,30.666666666666668,26.857649437978246,3,1.1418224345166355,LOW,,xkang2@lbl.gov,provisional,,2026-07-08 04:06:53.844185,vibrant,,
(b5)a05e,almond branches,al,,ppm,5220.0,2525.714285714286,1205.8310708505448,7,2.2343807349277154,LOW,,xkang2@lbl.gov,provisional,,2026-07-08 04:06:53.844185,vibrant,,
(b5)dbf8,almond branches,th,,ppm,66.0,51.857142857142854,6.66904719402933,7,2.120671324011468,LOW,,xkang2@lbl.gov,provisional,,2026-07-08 04:06:53.844185,vibrant,,
(b7)1333,almond hulls,fe,,ppm,225.0,356.2352941176471,96.86300210333452,17,1.3548547047679134,LOW,,jduong@lbl.gov,pass,,2026-07-08 04:06:53.844185,capstan,,
(b7)1cd7,almond hulls,cu,,ppm,13.0,10.647058823529411,2.289682741958704,17,1.027627598074033,LOW,,jduong@lbl.gov,pass,,2026-07-08 04:06:53.844185,capstan,,
(b7)479c,almond hulls,fe,,ppm,239.0,356.2352941176471,96.86300210333452,17,1.2103206753036537,LOW,,jduong@lbl.gov,pass,,2026-07-08 04:06:53.844185,capstan,,
(b7)4cd4,almond hulls,rb,,ppm,24.0,16.0,6.194755846681934,17,1.2914148996340187,LOW,,jduong@lbl.gov,pass,,2026-07-08 04:06:53.844185,capstan,,
(b7)6aa0,almond hulls,sr,,ppm,13.0,18.176470588235293,4.517124280414021,17,1.145965943571701,LOW,,jduong@lbl.gov,pass,,2026-07-08 04:06:53.844185,capstan,,
(b7)86a3,almond hulls,cu,,ppm,16.0,10.647058823529411,2.289682741958704,17,2.337852785618425,LOW,,jduong@lbl.gov,pass,,2026-07-08 04:06:53.844185,capstan,,
(b7)a876,almond hulls,sr,,ppm,12.0,18.176470588235293,4.517124280414021,17,1.367345728125325,LOW,,jduong@lbl.gov,pass,,2026-07-08 04:06:53.844185,capstan,,
(b7)bc80,almond hulls,fe,,ppm,228.0,356.2352941176471,96.86300210333452,17,1.323883127025572,LOW,,jduong@lbl.gov,pass,,2026-07-08 04:06:53.844185,capstan,,
(b7)c595,almond hulls,rb,,ppm,25.0,16.0,6.194755846681934,17,1.452841762088271,LOW,,jduong@lbl.gov,pass,,2026-07-08 04:06:53.844185,capstan,,
(b7)c84c,almond hulls,s,,ppm,221.0,285.47058823529414,62.70278866113016,17,1.0281933166277157,LOW,,jduong@lbl.gov,pass,,2026-07-08 04:06:53.844185,capstan,,
(b7)ece7,almond hulls,rb,,ppm,24.0,16.0,6.194755846681934,17,1.2914148996340187,LOW,,jduong@lbl.gov,pass,,2026-07-08 04:06:53.844185,capstan,,
(ba)272e,olive pomace,mn,,ppm,29.0,38.333333333333336,9.018499505645789,3,1.0349097793364022,LOW,,jduong@lbl.gov,pass,,2026-07-08 04:06:53.844185,excellent,,
(ba)2d78,olive pomace,u,,ppm,11.0,10.333333333333334,0.5773502691896258,3,1.1547005383792504,LOW,,jduong@lbl.gov,pass,,2026-07-08 04:06:53.844185,excellent,,
(ba)2f0b,olive pomace,th,,ppm,26.0,29.666666666666668,3.511884584284246,3,1.0440737953277492,LOW,,jduong@lbl.gov,pass,,2026-07-08 04:06:53.844185,excellent,,
(ba)3796,olive pomace,zn,,ppm,33.0,31.333333333333332,1.5275252316519463,3,1.091089451179963,LOW,,jduong@lbl.gov,pass,,2026-07-08 04:06:53.844185,excellent,,
(ba)7eea,olive pomace,fe,,ppm,358.0,351.6666666666667,5.507570547286094,3,1.1499323120707228,LOW,,jduong@lbl.gov,pass,,2026-07-08 04:06:53.844185,excellent,,
(ba)8d27,olive pomace,si,,ppm,7140.0,7120.0,17.320508075688775,3,1.1547005383792515,LOW,,jduong@lbl.gov,pass,,2026-07-08 04:06:53.844185,excellent,,
(ba)9088,olive pomace,p,,ppm,3120.0,3166.6666666666665,41.63331998932267,3,1.120897076635606,LOW,,jduong@lbl.gov,pass,,2026-07-08 04:06:53.844185,excellent,,
(ba)9588,olive pomace,mg,,ppm,10800.0,8093.333333333333,2580.8784034381265,3,1.0487385469462533,LOW,,jduong@lbl.gov,pass,,2026-07-08 04:06:53.844185,excellent,,
(ba)a279,olive pomace,rb,,ppm,39.0,38.333333333333336,0.5773502691896263,3,1.1547005383792464,LOW,,jduong@lbl.gov,pass,,2026-07-08 04:06:53.844185,excellent,,
(ba)b832,olive pomace,sr,,ppm,14.0,14.666666666666666,0.5773502691896255,3,1.154700538379251,LOW,,jduong@lbl.gov,pass,,2026-07-08 04:06:53.844185,excellent,,
(ba)d0cb,olive pomace,cu,,ppm,35.0,35.666666666666664,0.5773502691896247,3,1.1547005383792495,LOW,,jduong@lbl.gov,pass,,2026-07-08 04:06:53.844185,excellent,,
(ba)d20c,olive pomace,s,,ppm,1830.0,1843.3333333333333,11.547005383792532,3,1.1547005383792432,LOW,,jduong@lbl.gov,pass,,2026-07-08 04:06:53.844185,excellent,,
(bc)1c20,spent oak chips,mn,,ppm,53.0,29.916666666666668,8.979353422089359,12,2.5707121936583928,LOW,,jduong@lbl.gov,pass,,2026-07-08 04:06:53.844185,rigging,,
(bc)246b,spent oak chips,pb,,ppm,3.0,3.875,0.35355339059327384,8,2.474873734152916,LOW,,jduong@lbl.gov,pass,,2026-07-08 04:06:53.844185,rigging,,
(bc)45a2,spent oak chips,si,,ppm,459.0,723.5833333333334,250.03107382641036,12,1.0582018038166978,LOW,,jduong@lbl.gov,pass,,2026-07-08 04:06:53.844185,rigging,,
(bc)4aba,spent oak chips,th,,ppm,72.0,60.25,5.495866215124369,12,2.1379705291341597,LOW,,jduong@lbl.gov,pass,,2026-07-08 04:06:53.844185,rigging,,
(bc)4fa7,spent oak chips,ba,,ppm,17.0,21.7,2.4517567397911058,10,1.916992792849607,LOW,,jduong@lbl.gov,pass,,2026-07-08 04:06:53.844185,rigging,,
(bc)614a,spent oak chips,mn,,ppm,39.0,29.916666666666668,8.979353422089359,12,1.0115798884792953,LOW,,jduong@lbl.gov,pass,,2026-07-08 04:06:53.844185,rigging,,
(bc)6dfc,spent oak chips,u,,ppm,22.0,18.833333333333332,2.4802248187442912,12,1.2767659781220615,LOW,,jduong@lbl.gov,pass,,2026-07-08 04:06:53.844185,rigging,,
(bc)7131,spent oak chips,cu,,ppm,12.0,9.25,2.0056737702645644,12,1.3711103175254933,LOW,,jduong@lbl.gov,pass,,2026-07-08 04:06:53.844185,rigging,,
(bc)a7af,spent oak chips,sr,,ppm,2.0,6.833333333333333,3.9041547410962387,12,1.2379973781408553,LOW,,jduong@lbl.gov,pass,,2026-07-08 04:06:53.844185,rigging,,
(bc)b723,spent oak chips,zn,,ppm,8.0,10.916666666666666,2.874917653629668,12,1.0145218117758221,LOW,,jduong@lbl.gov,pass,,2026-07-08 04:06:53.844185,rigging,,
(bc)f2df,spent oak chips,zn,,ppm,7.0,10.916666666666666,2.874917653629668,12,1.3623578615275325,LOW,,jduong@lbl.gov,pass,,2026-07-08 04:06:53.844185,rigging,,
(be)00cc,corn stover whole,zn,,ppm,108.0,111.66666666666667,3.511884584284246,3,1.0440737953277504,LOW,,jduong@lbl.gov,pass,,2026-07-08 04:06:53.844185,possessive,,
(be)01e4,corn stover whole,nd,,ppm,120.0,94.66666666666667,25.006665778014735,3,1.0130632191519828,LOW,,jduong@lbl.gov,pass,,2026-07-08 04:06:53.844185,possessive,,
(be)1955,spent oak chips,cu,,ppm,5.0,9.25,2.0056737702645644,12,2.1189886725393987,LOW,,jduong@lbl.gov,pass,,2026-07-08 04:06:53.844185,rigging,,
(be)273f,spent oak chips,pr,,ppm,123.0,102.5,14.84362938547488,4,1.381063853565363,LOW,,jduong@lbl.gov,pass,,2026-07-08 04:06:53.844185,rigging,,
(be)2e9d,corn stover whole,mg,,ppm,13800.0,11766.666666666666,1877.0544300401448,3,1.0832575234857984,LOW,,jduong@lbl.gov,pass,,2026-07-08 04:06:53.844185,possessive,,
(be)3d4d,corn stover whole,th,,ppm,78.0,74.0,3.605551275463989,3,1.1094003924504583,LOW,,jduong@lbl.gov,pass,,2026-07-08 04:06:53.844185,possessive,,
(be)52f8,corn stover whole,u,,ppm,27.0,25.333333333333332,1.5275252316519465,3,1.0910894511799627,LOW,,jduong@lbl.gov,pass,,2026-07-08 04:06:53.844185,possessive,,
(be)5311,corn stover whole,pr,,ppm,50.0,59.0,7.810249675906654,3,1.1523319193960637,LOW,,jduong@lbl.gov,pass,,2026-07-08 04:06:53.844185,possessive,,
(be)5373,corn stover whole,s,,ppm,1840.0,1693.3333333333333,145.02873278538064,3,1.0112938577744452,LOW,,jduong@lbl.gov,pass,,2026-07-08 04:06:53.844185,possessive,,
(be)608b,spent oak chips,u,,ppm,16.0,18.833333333333332,2.4802248187442912,12,1.14236955937237,LOW,,jduong@lbl.gov,pass,,2026-07-08 04:06:53.844185,rigging,,
(be)6ed6,corn stover whole,ca,,ppm,8270.0,8780.0,441.92759587968703,3,1.1540351966136222,LOW,,jduong@lbl.gov,pass,,2026-07-08 04:06:53.844185,possessive,,
(be)7255,corn stover whole,sr,,ppm,36.0,36.666666666666664,0.5773502691896247,3,1.1547005383792495,LOW,,jduong@lbl.gov,pass,,2026-07-08 04:06:53.844185,possessive,,
(be)73ee,corn stover whole,ba,,ppm,17.0,22.0,4.358898943540674,3,1.1470786693528088,LOW,,jduong@lbl.gov,pass,,2026-07-08 04:06:53.844185,possessive,,
(be)7a8b,spent oak chips,fe,,ppm,56.0,144.91666666666666,83.65237412631929,12,1.0629305814130037,LOW,,jduong@lbl.gov,pass,,2026-07-08 04:06:53.844185,rigging,,
(be)931d,corn stover whole,p,,ppm,1600.0,1763.3333333333333,148.43629385474875,3,1.10035981828785,LOW,,jduong@lbl.gov,pass,,2026-07-08 04:06:53.844185,possessive,,
(be)9a38,corn stover whole,rb,,ppm,22.0,22.666666666666668,0.5773502691896255,3,1.1547005383792541,LOW,,jduong@lbl.gov,pass,,2026-07-08 04:06:53.844185,possessive,,
(be)9ba2,corn stover whole,cu,,ppm,16.0,23.0,6.082762530298219,3,1.150792911137501,LOW,,jduong@lbl.gov,pass,,2026-07-08 04:06:53.844185,possessive,,
(be)a2b0,corn stover whole,ce,,ppm,42.0,37.0,4.58257569495584,3,1.091089451179962,LOW,,jduong@lbl.gov,pass,,2026-07-08 04:06:53.844185,possessive,,
(be)ad80,corn stover whole,al,,ppm,10800.0,11066.666666666666,251.66114784235836,3,1.0596258856520324,LOW,,jduong@lbl.gov,pass,,2026-07-08 04:06:53.844185,possessive,,
(be)cd1f,corn stover whole,k,,ppm,28500.0,27933.333333333332,493.28828623162525,3,1.1487535432791274,LOW,,jduong@lbl.gov,pass,,2026-07-08 04:06:53.844185,possessive,,
(be)d4cd,corn stover whole,fe,,ppm,4380.0,4396.666666666667,15.275252316519591,3,1.091089451179973,LOW,,jduong@lbl.gov,pass,,2026-07-08 04:06:53.844185,possessive,,
(be)d7b1,spent oak chips,ce,,ppm,87.0,60.125,13.02127380207372,8,2.063930181371348,LOW,,jduong@lbl.gov,pass,,2026-07-08 04:06:53.844185,rigging,,
(be)de63,spent oak chips,fe,,ppm,58.0,144.91666666666666,83.65237412631929,12,1.0390221147270504,LOW,,jduong@lbl.gov,pass,,2026-07-08 04:06:53.844185,rigging,,
(be)e509,corn stover whole,mn,,ppm,216.0,193.33333333333334,19.857828011475302,3,1.1414474258498062,LOW,,jduong@lbl.gov,pass,,2026-07-08 04:06:53.844185,possessive,,
(be)f78a,corn stover whole,ti,,ppm,699.0,625.6666666666666,72.03702751594722,3,1.0179949931595829,LOW,,jduong@lbl.gov,pass,,2026-07-08 04:06:53.844185,possessive,,
(c0)01f2,pistachio hulls,fe,,ppm,525.0,441.8333333333333,82.66901878374188,6,1.0060197627871528,LOW,,jduong@lbl.gov,pass,,2026-07-08 04:06:53.844185,stuntman,,
(c0)1893,pistachio hulls,mn,,ppm,55.0,36.833333333333336,10.438710009702667,6,1.7403172087145773,LOW,,jduong@lbl.gov,pass,,2026-07-08 04:06:53.844185,stuntman,,
(c0)3368,pistachio hulls,ca,,ppm,7350.0,5755.0,1391.7578812422798,6,1.1460326695447247,LOW,,jduong@lbl.gov,pass,,2026-07-08 04:06:53.844185,stuntman,,
(c0)4f88,pistachio hulls,si,,ppm,1590.0,1373.3333333333333,169.666339226927,6,1.277016216969692,LOW,,jduong@lbl.gov,pass,,2026-07-08 04:06:53.844185,stuntman,,
(c0)65fa,pistachio hulls,fe,,ppm,531.0,441.8333333333333,82.66901878374188,6,1.0785983428679895,LOW,,jduong@lbl.gov,pass,,2026-07-08 04:06:53.844185,stuntman,,
(c0)6fcc,pistachio hulls,th,,ppm,52.0,30.0,19.266551326067674,6,1.1418753479889245,LOW,,jduong@lbl.gov,pass,,2026-07-08 04:06:53.844185,stuntman,,
(c0)b16d,pistachio hulls,cu,,ppm,23.0,17.833333333333332,5.154286242213045,6,1.0024019668042936,LOW,,jduong@lbl.gov,pass,,2026-07-08 04:06:53.844185,stuntman,,
(c0)dfc4,pistachio hulls,u,,ppm,16.0,10.5,5.319774431308154,6,1.0338784230457545,LOW,,jduong@lbl.gov,pass,,2026-07-08 04:06:53.844185,stuntman,,
(ca)2363,rice straw,k,,ppm,31500.0,32533.333333333332,539.1351098441529,6,1.9166500464643017,LOW,,jduong@lbl.gov,pass,,2026-07-08 04:06:53.844185,possessive,,
(ca)3684,rice straw,pb,,ppm,5.0,6.2,1.0954451150103324,5,1.0954451150103321,LOW,,jduong@lbl.gov,pass,,2026-07-08 04:06:53.844185,possessive,,
(ca)4de6,rice straw,pb,,ppm,5.0,6.2,1.0954451150103324,5,1.0954451150103321,LOW,,jduong@lbl.gov,pass,,2026-07-08 04:06:53.844185,possessive,,
(ca)4e6a,rice straw,mg,,ppm,5900.0,7818.0,1442.3661116374026,5,1.3297594726644322,LOW,,jduong@lbl.gov,pass,,2026-07-08 04:06:53.844185,possessive,,
(ca)7d23,rice straw,sr,,ppm,19.0,26.166666666666668,5.946988033169957,6,1.2050918257601704,LOW,,jduong@lbl.gov,pass,,2026-07-08 04:06:53.844185,possessive,,
(ca)81ce,rice straw,zn,,ppm,54.0,60.5,5.128352561983234,6,1.2674635609464266,LOW,,jduong@lbl.gov,pass,,2026-07-08 04:06:53.844185,possessive,,
(ca)862e,rice straw,mo,,ppm,33.0,21.333333333333332,11.39590569751552,6,1.023759495413355,LOW,,jduong@lbl.gov,pass,,2026-07-08 04:06:53.844185,possessive,,
(ca)8bb3,rice straw,p,,ppm,2050.0,2311.6666666666665,189.04144166469598,6,1.384176212170379,LOW,,jduong@lbl.gov,pass,,2026-07-08 04:06:53.844185,possessive,,
(ca)8c5c,rice straw,si,,ppm,86700.0,88750.0,1659.8192672697826,6,1.2350742279139952,LOW,,jduong@lbl.gov,pass,,2026-07-08 04:06:53.844185,possessive,,
(ca)eb21,rice straw,u,,ppm,16.0,20.166666666666668,2.7141603981096383,6,1.5351585962158585,LOW,,jduong@lbl.gov,pass,,2026-07-08 04:06:53.844185,possessive,,
(cd)2109,almond hulls,s,,ppm,421.0,285.47058823529414,62.70278866113016,17,2.1614574831297952,LOW,,xkang2@lbl.gov,provisional,,2026-07-08 04:06:53.844185,vibrant,,
(cd)3c87,almond hulls,p,,ppm,388.0,1079.7058823529412,267.07881905578984,17,2.589894192277567,LOW,,xkang2@lbl.gov,provisional,,2026-07-08 04:06:53.844185,vibrant,,
(cd)5fea,almond hulls,si,,ppm,12400.0,4438.823529411765,4174.375525681867,17,1.907153877654026,LOW,,xkang2@lbl.gov,provisional,,2026-07-08 04:06:53.844185,vibrant,,
(cd)80be,almond hulls,ba,,ppm,39.0,26.25,5.470701182533317,8,2.3305970431556013,LOW,,xkang2@lbl.gov,provisional,,2026-07-08 04:06:53.844185,vibrant,,
(cd)8987,almond hulls,k,,ppm,18600.0,32370.58823529412,4798.536848077019,17,2.869747314915918,LOW,,xkang2@lbl.gov,provisional,,2026-07-08 04:06:53.844185,vibrant,,
(cd)94ad,almond hulls,ca,,ppm,5000.0,3075.294117647059,625.5409423756652,17,3.0768663599273562,MEDIUM,,xkang2@lbl.gov,provisional,,2026-07-08 04:06:53.844185,vibrant,,
(cd)a84c,almond hulls,cu,,ppm,7.0,10.647058823529411,2.289682741958704,17,1.5928227770147507,LOW,,xkang2@lbl.gov,provisional,,2026-07-08 04:06:53.844185,vibrant,,
(cd)aac9,almond hulls,pr,,ppm,0.0,90.66666666666667,47.783365306349026,9,1.8974525148110424,LOW,,xkang2@lbl.gov,provisional,,2026-07-08 04:06:53.844185,vibrant,,
(cd)e053,almond hulls,sr,,ppm,30.0,18.176470588235293,4.517124280414021,17,2.617490393839908,LOW,,xkang2@lbl.gov,provisional,,2026-07-08 04:06:53.844185,vibrant,,
(ce)14cf,cotton stem mix,ba,,ppm,18.0,27.5,7.982936347439627,12,1.1900383000106147,LOW,,jduong@lbl.gov,pass,,2026-07-08 04:06:53.844185,schooner,,
(ce)1a9a,cotton stem mix,s,,ppm,4060.0,4607.5,533.4131095638215,12,1.0264089693027934,LOW,,jduong@lbl.gov,pass,,2026-07-08 04:06:53.844185,schooner,,
(ce)2246,cotton stem mix,pb,,ppm,5.0,5.666666666666667,0.5773502691896258,3,1.154700538379252,LOW,,jduong@lbl.gov,pass,,2026-07-08 04:06:53.844185,schooner,,
(ce)283f,cotton stem mix,ba,,ppm,42.0,27.5,7.982936347439627,12,1.8163742473846225,LOW,,jduong@lbl.gov,pass,,2026-07-08 04:06:53.844185,schooner,,
(ce)435b,cotton stem mix,cu,,ppm,13.0,15.166666666666666,2.124888588879783,12,1.0196613027174795,LOW,,jduong@lbl.gov,pass,,2026-07-08 04:06:53.844185,schooner,,
(ce)6921,cotton stem mix,cu,,ppm,13.0,15.166666666666666,2.124888588879783,12,1.0196613027174795,LOW,,jduong@lbl.gov,pass,,2026-07-08 04:06:53.844185,schooner,,
(ce)6abf,cotton stem mix,pr,,ppm,53.0,58.75,4.645786621588784,4,1.2376806057514524,LOW,,jduong@lbl.gov,pass,,2026-07-08 04:06:53.844185,schooner,,
(ce)6b10,cotton stem mix,p,,ppm,1320.0,1727.5,374.0958797858208,12,1.0892929380385155,LOW,,jduong@lbl.gov,pass,,2026-07-08 04:06:53.844185,schooner,,
(ce)8e95,cotton stem mix,p,,ppm,1340.0,1727.5,374.0958797858208,12,1.0358307079507356,LOW,,jduong@lbl.gov,pass,,2026-07-08 04:06:53.844185,schooner,,
(ce)b28e,cotton stem mix,p,,ppm,1290.0,1727.5,374.0958797858208,12,1.1694862831701853,LOW,,jduong@lbl.gov,pass,,2026-07-08 04:06:53.844185,schooner,,
(ce)c419,cotton stem mix,zn,,ppm,27.0,24.333333333333332,2.188122205883113,12,1.2187009754285716,LOW,,jduong@lbl.gov,pass,,2026-07-08 04:06:53.844185,schooner,,
(ce)c780,cotton stem mix,s,,ppm,3990.0,4607.5,533.4131095638215,12,1.15763933980726,LOW,,jduong@lbl.gov,pass,,2026-07-08 04:06:53.844185,schooner,,
(ce)cc54,cotton stem mix,u,,ppm,23.0,20.75,1.8647446815241835,12,1.2065994998097653,LOW,,jduong@lbl.gov,pass,,2026-07-08 04:06:53.844185,schooner,,
(ce)d4a4,cotton stem mix,rb,,ppm,23.0,19.5,3.1188575997106254,12,1.1222057718584966,LOW,,jduong@lbl.gov,pass,,2026-07-08 04:06:53.844185,schooner,,
(ce)d9f9,cotton stem mix,mg,,ppm,7090.0,8881.818181818182,1587.2795480432437,11,1.1288611284805428,LOW,,jduong@lbl.gov,pass,,2026-07-08 04:06:53.844185,schooner,,
(ce)fbcf,cotton stem mix,th,,ppm,69.0,61.916666666666664,5.930787673171448,12,1.1943326457926577,LOW,,jduong@lbl.gov,pass,,2026-07-08 04:06:53.844185,schooner,,
(d4)03db,pistachio stems & leaves,sr,,ppm,71.0,66.0,4.358898943540674,3,1.1470786693528088,LOW,,jduong@lbl.gov,pass,,2026-07-08 04:06:53.844185,tripod,,
(d4)072e,pistachio stems & leaves,rb,,ppm,50.0,51.333333333333336,1.154700538379251,3,1.1547005383792541,LOW,,jduong@lbl.gov,pass,,2026-07-08 04:06:53.844185,tripod,,
(d4)2876,pistachio stems & leaves,ti,,ppm,171.0,224.33333333333334,53.00314456080255,3,1.0062296072292845,LOW,,jduong@lbl.gov,pass,,2026-07-08 04:06:53.844185,tripod,,
(d4)2d2f,pistachio stems & leaves,k,,ppm,29600.0,29733.333333333332,115.47005383792542,3,1.1547005383792384,LOW,,jduong@lbl.gov,pass,,2026-07-08 04:06:53.844185,tripod,,
(d4)4e1d,pistachio stems & leaves,mg,,ppm,6350.0,7253.333333333333,784.2406093370411,3,1.151857379710249,LOW,,jduong@lbl.gov,pass,,2026-07-08 04:06:53.844185,tripod,,
(d4)64ba,pistachio stems & leaves,si,,ppm,2730.0,2490.0,226.4950330581225,3,1.059625885652035,LOW,,jduong@lbl.gov,pass,,2026-07-08 04:06:53.844185,tripod,,
(d4)7724,pistachio stems & leaves,u,,ppm,14.0,12.333333333333334,1.5275252316519465,3,1.0910894511799616,LOW,,jduong@lbl.gov,pass,,2026-07-08 04:06:53.844185,tripod,,
(d4)9b38,pistachio stems & leaves,la,,ppm,42.0,47.333333333333336,5.033222956847167,3,1.0596258856520353,LOW,,jduong@lbl.gov,pass,,2026-07-08 04:06:53.844185,tripod,,
(d4)b9a5,pistachio stems & leaves,mn,,ppm,73.0,76.0,2.6457513110645907,3,1.1338934190276817,LOW,,jduong@lbl.gov,pass,,2026-07-08 04:06:53.844185,tripod,,
(d4)c26b,pistachio stems & leaves,ca,,ppm,23100.0,20500.0,2253.885533916929,3,1.1535634622409479,LOW,,jduong@lbl.gov,pass,,2026-07-08 04:06:53.844185,tripod,,
(d4)c69e,pistachio stems & leaves,p,,ppm,2660.0,2693.3333333333335,30.550504633038994,3,1.0910894511799647,LOW,,jduong@lbl.gov,pass,,2026-07-08 04:06:53.844185,tripod,,
(d4)cafe,pistachio stems & leaves,s,,ppm,2410.0,2336.6666666666665,66.58328118479392,3,1.101377583507872,LOW,,jduong@lbl.gov,pass,,2026-07-08 04:06:53.844185,tripod,,
(d4)dbe3,pistachio stems & leaves,ba,,ppm,50.0,39.0,9.539392014169456,3,1.1531133203941102,LOW,,jduong@lbl.gov,pass,,2026-07-08 04:06:53.844185,tripod,,
(d4)dd86,pistachio stems & leaves,th,,ppm,38.0,36.0,1.7320508075688772,3,1.1547005383792517,LOW,,jduong@lbl.gov,pass,,2026-07-08 04:06:53.844185,tripod,,
(d4)e051,pistachio stems & leaves,cu,,ppm,19.0,17.333333333333332,1.5275252316519472,3,1.0910894511799623,LOW,,jduong@lbl.gov,pass,,2026-07-08 04:06:53.844185,tripod,,
(d4)f5aa,pistachio stems & leaves,fe,,ppm,486.0,455.0,28.478061731796284,3,1.0885572301919666,LOW,,jduong@lbl.gov,pass,,2026-07-08 04:06:53.844185,tripod,,
(d4)fecf,pistachio stems & leaves,zn,,ppm,36.0,34.666666666666664,1.1547005383792526,3,1.1547005383792526,LOW,,jduong@lbl.gov,pass,,2026-07-08 04:06:53.844185,tripod,,
(d6)0264,grape pomace,u,,ppm,17.0,13.8,1.4735767952260146,15,2.171586856122547,LOW,,jduong@lbl.gov,pass,,2026-07-08 04:06:53.844185,rigging,,
(d6)0612,grape pomace,rb,,ppm,21.0,9.866666666666667,6.390469093743841,15,1.7421777916479833,LOW,,jduong@lbl.gov,pass,,2026-07-08 04:06:53.844185,rigging,,
(d6)2297,grape pomace,fe,,ppm,190.0,301.2,76.33684749656803,15,1.4567014966789054,LOW,,jduong@lbl.gov,pass,,2026-07-08 04:06:53.844185,rigging,,
(d6)2fcf,grape pomace,fe,,ppm,180.0,301.2,76.33684749656803,15,1.5876998327111809,LOW,,jduong@lbl.gov,pass,,2026-07-08 04:06:53.844185,rigging,,
(d6)3037,grape pomace,rb,,ppm,22.0,9.866666666666667,6.390469093743841,15,1.8986608268259457,LOW,,jduong@lbl.gov,pass,,2026-07-08 04:06:53.844185,rigging,,
(d6)6143,grape pomace,rb,,ppm,21.0,9.866666666666667,6.390469093743841,15,1.7421777916479833,LOW,,jduong@lbl.gov,pass,,2026-07-08 04:06:53.844185,rigging,,
(d6)6855,grape pomace,th,,ppm,51.0,41.8,4.723799923185329,15,1.9475846034131576,LOW,,jduong@lbl.gov,pass,,2026-07-08 04:06:53.844185,rigging,,
(d6)716e,grape pomace,fe,,ppm,195.0,301.2,76.33684749656803,15,1.3912023286627675,LOW,,jduong@lbl.gov,pass,,2026-07-08 04:06:53.844185,rigging,,
(d6)8555,grape pomace,k,,ppm,9540.0,15312.0,4322.020360896046,15,1.3354865359318535,LOW,,jduong@lbl.gov,pass,,2026-07-08 04:06:53.844185,rigging,,
(d6)8bbf,grape pomace,k,,ppm,9290.0,15312.0,4322.020360896046,15,1.3933298543627202,LOW,,jduong@lbl.gov,pass,,2026-07-08 04:06:53.844185,rigging,,
(d6)9c4c,grape pomace,ca,,ppm,4910.0,6060.714285714285,1099.9333146619826,14,1.0461673179413682,LOW,,jduong@lbl.gov,pass,,2026-07-08 04:06:53.844185,rigging,,
(d6)b6ae,grape pomace,u,,ppm,16.0,13.8,1.4735767952260146,15,1.492965963584251,LOW,,jduong@lbl.gov,pass,,2026-07-08 04:06:53.844185,rigging,,
(d6)cabd,grape pomace,cu,,ppm,14.0,19.785714285714285,3.3553303500909952,14,1.7243352165182122,LOW,,jduong@lbl.gov,pass,,2026-07-08 04:06:53.844185,rigging,,
(d6)d115,grape pomace,k,,ppm,9650.0,15312.0,4322.020360896046,15,1.310035475822272,LOW,,jduong@lbl.gov,pass,,2026-07-08 04:06:53.844185,rigging,,
(d6)d6dd,grape pomace,u,,ppm,16.0,13.8,1.4735767952260146,15,1.492965963584251,LOW,,jduong@lbl.gov,pass,,2026-07-08 04:06:53.844185,rigging,,
(d6)dd9f,grape pomace,mn,,ppm,59.0,43.86666666666667,8.542888995003528,15,1.7714538187473057,LOW,,jduong@lbl.gov,pass,,2026-07-08 04:06:53.844185,rigging,,
(da)0531,wheat straw,rb,,ppm,59.0,31.833333333333332,25.134969000710278,6,1.080831516676984,LOW,,jduong@lbl.gov,pass,,2026-07-08 04:06:53.844185,wardrobe,,
(da)39e4,wheat straw,mo,,ppm,11.0,9.0,1.5811388300841893,5,1.264911064067352,LOW,,jduong@lbl.gov,pass,,2026-07-08 04:06:53.844185,wardrobe,,
(da)3a75,pistachio shells,cu,,ppm,5.0,5.666666666666667,0.5773502691896258,3,1.154700538379252,LOW,,jduong@lbl.gov,pass,,2026-07-08 04:06:53.844185,tripod,,
(da)4458,wheat straw,zn,,ppm,30.0,23.5,5.167204273105526,6,1.2579336245387982,LOW,,jduong@lbl.gov,pass,,2026-07-08 04:06:53.844185,wardrobe,,
(da)47b8,wheat straw,k,,ppm,38800.0,41766.666666666664,2956.123587853977,6,1.0035665216623575,LOW,,jduong@lbl.gov,pass,,2026-07-08 04:06:53.844185,wardrobe,,
(da)57a9,pistachio shells,mn,,ppm,17.0,22.0,4.358898943540674,3,1.1470786693528088,LOW,,jduong@lbl.gov,pass,,2026-07-08 04:06:53.844185,tripod,,
(da)59ab,pistachio shells,si,,ppm,296.0,624.0,285.243755409299,3,1.1498937094323052,LOW,,jduong@lbl.gov,pass,,2026-07-08 04:06:53.844185,tripod,,
(da)606e,pistachio shells,th,,ppm,48.0,45.0,2.6457513110645907,3,1.1338934190276817,LOW,,jduong@lbl.gov,pass,,2026-07-08 04:06:53.844185,tripod,,
(da)6931,pistachio shells,s,,ppm,3410.0,1353.0,1781.4261141007223,3,1.1546928518213564,LOW,,jduong@lbl.gov,pass,,2026-07-08 04:06:53.844185,tripod,,
(da)766d,pistachio shells,k,,ppm,778.0,3062.6666666666665,1978.6362306733731,3,1.154667356863846,LOW,,jduong@lbl.gov,pass,,2026-07-08 04:06:53.844185,tripod,,
(da)8e26,wheat straw,k,,ppm,38800.0,41766.666666666664,2956.123587853977,6,1.0035665216623575,LOW,,jduong@lbl.gov,pass,,2026-07-08 04:06:53.844185,wardrobe,,
(da)9161,wheat straw,al,,ppm,2160.0,1770.0,340.73450074801644,3,1.1445861782233109,LOW,,jduong@lbl.gov,pass,,2026-07-08 04:06:53.844185,wardrobe,,
(da)92ec,wheat straw,mn,,ppm,111.0,93.5,15.449919093639295,6,1.1326920156627047,LOW,,jduong@lbl.gov,pass,,2026-07-08 04:06:53.844185,wardrobe,,
(da)99ec,pistachio shells,ca,,ppm,174.0,553.6666666666666,328.80135847245725,3,1.1546992032834629,LOW,,jduong@lbl.gov,pass,,2026-07-08 04:06:53.844185,tripod,,
(da)a4aa,wheat straw,ca,,ppm,6180.0,5543.333333333333,579.5745566074021,6,1.0985069296234453,LOW,,jduong@lbl.gov,pass,,2026-07-08 04:06:53.844185,wardrobe,,
(da)b707,pistachio shells,u,,ppm,14.0,13.333333333333334,0.5773502691896258,3,1.1547005383792504,LOW,,jduong@lbl.gov,pass,,2026-07-08 04:06:53.844185,tripod,,
(da)bdee,pistachio shells,al,,ppm,656.0,550.3333333333334,102.6466430689934,3,1.0294215524967858,LOW,,jduong@lbl.gov,pass,,2026-07-08 04:06:53.844185,tripod,,
(da)be82,wheat straw,s,,ppm,3110.0,2895.0,191.07590114925534,6,1.1252073061377676,LOW,,jduong@lbl.gov,pass,,2026-07-08 04:06:53.844185,wardrobe,,
(da)c2cf,wheat straw,fe,,ppm,938.0,635.1666666666666,279.3309267994983,6,1.084138218431878,LOW,,jduong@lbl.gov,pass,,2026-07-08 04:06:53.844185,wardrobe,,
(da)d588,wheat straw,si,,ppm,59700.0,78183.33333333333,15948.343696655984,6,1.1589500254630754,LOW,,jduong@lbl.gov,pass,,2026-07-08 04:06:53.844185,wardrobe,,
(da)d622,wheat straw,ca,,ppm,6170.0,5543.333333333333,579.5745566074021,6,1.0812528940796216,LOW,,jduong@lbl.gov,pass,,2026-07-08 04:06:53.844185,wardrobe,,
(da)d9d7,pistachio shells,p,,ppm,304.0,327.0,21.656407827707714,3,1.0620413220411034,LOW,,jduong@lbl.gov,pass,,2026-07-08 04:06:53.844185,tripod,,
(ed)1d32,grape pomace,mo,,ppm,7.0,5.142857142857143,1.5735915849388862,7,1.1801936887041646,LOW,,jduong@lbl.gov,pass,,2026-07-08 04:06:53.844185,,,
(ed)3abc,grape pomace,fe,,ppm,387.0,301.2,76.33684749656803,15,1.1239657231569253,LOW,,jduong@lbl.gov,pass,,2026-07-08 04:06:53.844185,,,
(ed)45e3,grape pomace,cu,,ppm,24.0,19.785714285714285,3.3553303500909952,14,1.2559972564762292,LOW,,jduong@lbl.gov,pass,,2026-07-08 04:06:53.844185,,,
(ed)9b50,grape pomace,cu,,ppm,24.0,19.785714285714285,3.3553303500909952,14,1.2559972564762292,LOW,,jduong@lbl.gov,pass,,2026-07-08 04:06:53.844185,,,
(ed)9ba1,grape pomace,zn,,ppm,26.0,22.6,2.5014281634983764,15,1.3592235226315366,LOW,,jduong@lbl.gov,pass,,2026-07-08 04:06:53.844185,,,
(ed)a9be,grape pomace,p,,ppm,3410.0,2926.6666666666665,402.43307636473037,15,1.2010278521323186,LOW,,jduong@lbl.gov,pass,,2026-07-08 04:06:53.844185,,,
(ed)cb57,grape pomace,s,,ppm,2880.0,2493.3333333333335,279.1227755120027,15,1.3852924253758692,LOW,,jduong@lbl.gov,pass,,2026-07-08 04:06:53.844185,,,
(f2)15c2,pistachio hulls,u,,ppm,5.0,10.5,5.319774431308154,6,1.0338784230457545,LOW,,jduong@lbl.gov,pass,,2026-07-08 04:06:53.844185,tripod,,
(f2)2038,pistachio hulls,zn,,ppm,22.0,24.166666666666668,1.8348478592697184,6,1.1808426817082347,LOW,,jduong@lbl.gov,pass,,2026-07-08 04:06:53.844185,tripod,,
(f2)7fa0,pistachio hulls,cu,,ppm,9.0,17.833333333333332,5.154286242213045,6,1.7137840077621787,LOW,,jduong@lbl.gov,pass,,2026-07-08 04:06:53.844185,tripod,,
(f2)a82f,pistachio hulls,zn,,ppm,22.0,24.166666666666668,1.8348478592697184,6,1.1808426817082347,LOW,,jduong@lbl.gov,pass,,2026-07-08 04:06:53.844185,tripod,,
(f2)b655,pistachio hulls,p,,ppm,1940.0,1533.3333333333333,381.558208752828,6,1.0658050523822011,LOW,,jduong@lbl.gov,pass,,2026-07-08 04:06:53.844185,tripod,,
(f2)b842,pistachio hulls,mn,,ppm,26.0,36.833333333333336,10.438710009702667,6,1.037803840059152,LOW,,jduong@lbl.gov,pass,,2026-07-08 04:06:53.844185,tripod,,
(f2)c584,pistachio hulls,ba,,ppm,49.0,39.0,9.539392014169456,3,1.0482848367219184,LOW,,jduong@lbl.gov,pass,,2026-07-08 04:06:53.844185,tripod,,
(f2)f021,pistachio hulls,si,,ppm,1160.0,1373.3333333333333,169.666339226927,6,1.2573698136316958,LOW,,jduong@lbl.gov,pass,,2026-07-08 04:06:53.844185,tripod,,
(f6)078b,peach seeds,mn,,ppm,28.0,29.666666666666668,1.5275252316519465,3,1.0910894511799627,LOW,,jduong@lbl.gov,pass,,2026-07-08 04:06:53.844185,rushes,,
(f6)0bd0,peach seeds,si,,ppm,209.0,252.66666666666666,40.15387071420803,3,1.0874833705936016,LOW,,jduong@lbl.gov,pass,,2026-07-08 04:06:53.844185,rushes,,
(f6)2fce,peach seeds,ca,,ppm,602.0,611.0,8.54400374531753,3,1.0533703247651751,LOW,,jduong@lbl.gov,pass,,2026-07-08 04:06:53.844185,rushes,,
(f6)64c0,peach seeds,s,,ppm,693.0,717.0,23.065125189341593,3,1.0405319634289438,LOW,,jduong@lbl.gov,pass,,2026-07-08 04:06:53.844185,rushes,,
(f6)92de,peach seeds,k,,ppm,7480.0,7146.666666666667,292.97326385411566,3,1.137760247977148,LOW,,jduong@lbl.gov,pass,,2026-07-08 04:06:53.844185,rushes,,
(f6)f3c0,peach seeds,th,,ppm,48.0,46.333333333333336,1.5275252316519456,3,1.0910894511799611,LOW,,jduong@lbl.gov,pass,,2026-07-08 04:06:53.844185,rushes,,
(f6)f64f,peach seeds,p,,ppm,1730.0,1683.3333333333333,45.092497528228975,3,1.0349097793364028,LOW,,jduong@lbl.gov,pass,,2026-07-08 04:06:53.844185,rushes,,
(f6)f791,peach seeds,cu,,ppm,13.0,12.333333333333334,0.5773502691896255,3,1.154700538379251,LOW,,jduong@lbl.gov,pass,,2026-07-08 04:06:53.844185,rushes,,
(f7)1f1a,peach stems / leaves,ca,,ppm,36400.0,35966.666666666664,378.5938897200176,3,1.1445861782233193,LOW,,jduong@lbl.gov,pass,,2026-07-08 04:06:53.844185,rushes,,
(f7)2e0e,peach stems / leaves,s,,ppm,3200.0,3143.3333333333335,55.075705472861024,3,1.0288868055369613,LOW,,jduong@lbl.gov,pass,,2026-07-08 04:06:53.844185,rushes,,
(f7)3e14,peach stems / leaves,mg,,ppm,7710.0,8173.333333333333,441.85216230469365,3,1.0486161953278534,LOW,,jduong@lbl.gov,pass,,2026-07-08 04:06:53.844185,rushes,,
(f7)44ed,peach stems / leaves,k,,ppm,39100.0,38700.0,360.5551275463989,3,1.1094003924504583,LOW,,jduong@lbl.gov,pass,,2026-07-08 04:06:53.844185,rushes,,
(f7)5f04,peach stems / leaves,sr,,ppm,222.0,216.33333333333334,4.932882862316249,3,1.1487535432791238,LOW,,jduong@lbl.gov,pass,,2026-07-08 04:06:53.844185,rushes,,
(f7)6772,peach stems / leaves,fe,,ppm,1400.0,1656.6666666666667,223.6813209307682,3,1.1474658035755603,LOW,,jduong@lbl.gov,pass,,2026-07-08 04:06:53.844185,rushes,,
(f7)698c,peach stems / leaves,mn,,ppm,182.0,164.0,15.874507866387544,3,1.1338934190276817,LOW,,jduong@lbl.gov,pass,,2026-07-08 04:06:53.844185,rushes,,
(f7)6991,peach stems / leaves,rb,,ppm,12.0,13.666666666666666,1.5275252316519468,3,1.0910894511799614,LOW,,jduong@lbl.gov,pass,,2026-07-08 04:06:53.844185,rushes,,
(f7)7693,peach stems / leaves,p,,ppm,2110.0,2170.0,52.91502622129181,3,1.1338934190276817,LOW,,jduong@lbl.gov,pass,,2026-07-08 04:06:53.844185,rushes,,
(f7)796e,peach stems / leaves,zn,,ppm,90.0,86.0,3.4641016151377544,3,1.1547005383792517,LOW,,jduong@lbl.gov,pass,,2026-07-08 04:06:53.844185,rushes,,
(f7)8919,peach stems / leaves,al,,ppm,1410.0,2006.6666666666667,552.2982286168708,3,1.0803342030643635,LOW,,jduong@lbl.gov,pass,,2026-07-08 04:06:53.844185,rushes,,
(f7)9249,peach stems / leaves,cu,,ppm,72.0,67.66666666666667,3.78593889720018,3,1.1445861782233104,LOW,,jduong@lbl.gov,pass,,2026-07-08 04:06:53.844185,rushes,,
(f7)be18,peach stems / leaves,th,,ppm,41.0,38.333333333333336,2.5166114784235822,3,1.0596258856520344,LOW,,jduong@lbl.gov,pass,,2026-07-08 04:06:53.844185,rushes,,
(f7)d34b,peach stems / leaves,ba,,ppm,55.0,67.0,11.135528725660043,3,1.0776318121606494,LOW,,jduong@lbl.gov,pass,,2026-07-08 04:06:53.844185,rushes,,
(f7)ed51,peach stems / leaves,si,,ppm,7870.0,8683.333333333334,712.9048557369586,3,1.1408722030551446,LOW,,jduong@lbl.gov,pass,,2026-07-08 04:06:53.844185,rushes,,
